{"stats":{"minecraft:dropped":{"minecraft:stone_pickaxe":1},"minecraft:killed_by":{"minecraft:skeleton":4,"minecraft:zombie":2},"minecraft:mined":{"minecraft:acacia_leaves":8,"minecraft:white_bed":2,"minecraft:crafting_table":4,"minecraft:acacia_log":10,"minecraft:grass_block":11,"minecraft:tall_grass":11,"minecraft:cobblestone":4,"minecraft:moss_block":2,"minecraft:furnace":2,"minecraft:grass":10,"minecraft:oak_log":9,"minecraft:coal_ore":6,"minecraft:sand":2,"minecraft:dirt":14,"minecraft:stone":45,"minecraft:oak_leaves":15},"minecraft:used":{"minecraft:cooked_mutton":3,"minecraft:stone_sword":13,"minecraft:stone_pickaxe":36,"minecraft:oak_planks":7,"minecraft:wooden_pickaxe":22,"minecraft:rotten_flesh":2,"minecraft:salmon":1,"minecraft:dirt":34,"minecraft:sand":2,"minecraft:crafting_table":4,"minecraft:white_bed":2,"minecraft:stone_axe":28,"minecraft:cobblestone":9,"minecraft:oak_sapling":2,"minecraft:furnace":2},"minecraft:crafted":{"minecraft:oak_planks":32,"minecraft:crafting_table":1,"minecraft:wooden_pickaxe":1,"minecraft:furnace":1,"minecraft:stone_axe":2,"minecraft:cooked_mutton":2,"minecraft:stick":16,"minecraft:stone_pickaxe":2,"minecraft:stone_sword":2,"minecraft:white_bed":1},"minecraft:killed":{"minecraft:salmon":1,"minecraft:spider":1,"minecraft:sheep":5,"minecraft:skeleton":1,"minecraft:zombie":2},"minecraft:picked_up":{"minecraft:crafting_table":6,"minecraft:salmon":1,"minecraft:wooden_pickaxe":1,"minecraft:oak_log":10,"minecraft:string":1,"minecraft:dirt":46,"minecraft:moss_carpet":3,"minecraft:cooked_mutton":5,"minecraft:acacia_planks":17,"minecraft:wheat_seeds":3,"minecraft:stone_pickaxe":4,"minecraft:moss_block":2,"minecraft:oak_planks":28,"minecraft:furnace":2,"minecraft:raw_iron":2,"minecraft:stick":7,"minecraft:acacia_log":20,"minecraft:porkchop":7,"minecraft:sand":2,"minecraft:white_bed":2,"minecraft:stone_sword":2,"minecraft:arrow":2,"minecraft:rotten_flesh":5,"minecraft:stone_axe":3,"minecraft:gray_wool":1,"minecraft:oak_sapling":3,"minecraft:mutton":9,"minecraft:coal":36,"minecraft:white_wool":5,"minecraft:cobblestone":77},"minecraft:custom":{"minecraft:interact_with_furnace":3,"minecraft:mob_kills":10,"minecraft:interact_with_crafting_table":10,"minecraft:leave_game":3,"minecraft:time_since_death":0,"minecraft:sleep_in_bed":3,"minecraft:climb_one_cm":19759,"minecraft:time_since_rest":25,"minecraft:sprint_one_cm":71656,"minecraft:damage_taken":1955,"minecraft:walk_one_cm":108383,"minecraft:drop":1,"minecraft:damage_dealt":1220,"minecraft:swim_one_cm":2112,"minecraft:fly_one_cm":94987,"minecraft:crouch_one_cm":3573,"minecraft:play_time":39511,"minecraft:deaths":7,"minecraft:sneak_time":891,"minecraft:walk_under_water_one_cm":4313,"minecraft:jump":766,"minecraft:walk_on_water_one_cm":284,"minecraft:total_world_time":39511,"minecraft:fall_one_cm":20396}},"DataVersion":3465}