{"stats":{"minecraft:crafted":{"minecraft:wooden_sword":1,"minecraft:oak_planks":88,"minecraft:furnace":5,"minecraft:mushroom_stew":1,"minecraft:bone_meal":63,"minecraft:cooked_mutton":16,"minecraft:flint_and_steel":2,"minecraft:iron_boots":1,"minecraft:iron_axe":1,"minecraft:stone_pickaxe":5,"minecraft:chest":3,"minecraft:spruce_boat":2,"minecraft:dark_oak_planks":16,"minecraft:wheat":171,"minecraft:cooked_beef":2,"minecraft:diamond_sword":1,"minecraft:cooked_porkchop":3,"minecraft:crafting_table":11,"minecraft:spruce_planks":136,"minecraft:wooden_pickaxe":4,"minecraft:iron_helmet":3,"minecraft:bowl":4,"minecraft:bucket":1,"minecraft:birch_planks":28,"minecraft:stone_axe":6,"minecraft:bread":66,"minecraft:air":0,"minecraft:wooden_hoe":1,"minecraft:diamond_pickaxe":1,"minecraft:charcoal":13,"minecraft:shield":1,"minecraft:stick":120,"minecraft:iron_ingot":2,"minecraft:wooden_axe":1,"minecraft:stone_sword":3,"minecraft:iron_leggings":1,"minecraft:white_bed":2,"minecraft:torch":88},"minecraft:picked_up":{"minecraft:wooden_axe":1,"minecraft:wheat":27,"minecraft:birch_door":1,"minecraft:iron_chestplate":4,"minecraft:coarse_dirt":28,"minecraft:crafting_table":4,"minecraft:allium":1,"minecraft:chainmail_boots":1,"minecraft:chicken":22,"minecraft:ladder":11,"minecraft:rabbit_stew":1,"minecraft:diamond_sword":1,"minecraft:brown_mushroom":5,"minecraft:wooden_pickaxe":8,"aether:iron_gloves":8,"minecraft:wither_rose":7,"minecraft:enchanted_book":9,"minecraft:diamond_horse_armor":13,"minecraft:brewing_stand":1,"minecraft:shield":1,"minecraft:polished_deepslate_wall":1,"minecraft:polished_deepslate":2,"minecraft:string":15,"minecraft:dark_oak_trapdoor":16,"minecraft:flint_and_steel":1,"minecraft:wooden_sword":1,"minecraft:red_nether_bricks":6,"minecraft:iron_leggings":5,"minecraft:beetroot_soup":1,"minecraft:item_frame":3,"minecraft:cyan_carpet":51,"minecraft:beetroot":42,"minecraft:cobbled_deepslate":16,"minecraft:spruce_planks":75,"minecraft:eye_armor_trim_smithing_template":5,"minecraft:beef":37,"minecraft:calcite":24,"minecraft:light_gray_wool":2,"minecraft:lectern":2,"minecraft:melon_slice":15,"minecraft:sugar_cane":10,"minecraft:furnace":3,"minecraft:iron_boots":6,"minecraft:egg":3,"minecraft:tipped_arrow":4,"minecraft:stick":45,"minecraft:raw_iron":16,"minecraft:stripped_mangrove_wood":13,"minecraft:stone":295,"minecraft:torch":9,"minecraft:bowl":20,"minecraft:porkchop":6,"minecraft:diorite":3,"minecraft:carrot":58,"minecraft:redstone":2,"minecraft:iron_horse_armor":4,"minecraft:dark_oak_planks":8,"minecraft:brown_carpet":3,"minecraft:stone_sword":10,"minecraft:arrow":351,"minecraft:honey_bottle":1,"minecraft:light_gray_bed":1,"minecraft:rotten_flesh":117,"minecraft:jungle_stairs":3,"aether:chainmail_gloves":2,"minecraft:hay_block":19,"minecraft:stripped_dark_oak_wood":37,"minecraft:gold_ingot":106,"minecraft:mutton":23,"minecraft:skeleton_skull":7,"minecraft:white_wool":17,"minecraft:cobblestone":338,"minecraft:birch_log":7,"minecraft:feather":22,"minecraft:tripwire_hook":4,"minecraft:water_bucket":10,"minecraft:andesite":12,"minecraft:leather":33,"minecraft:chiseled_quartz_block":7,"minecraft:red_mushroom":3,"minecraft:potato":7,"minecraft:filled_map":1,"minecraft:mushroom_stew":3,"minecraft:flint":11,"minecraft:tuff":3,"minecraft:oak_log":80,"minecraft:gunpowder":4,"minecraft:wooden_hoe":1,"minecraft:lapis_lazuli":12,"minecraft:dirt":104,"minecraft:lantern":1,"minecraft:cooked_mutton":29,"minecraft:bone":62,"minecraft:bow":1,"minecraft:wheat_seeds":95,"minecraft:iron_ingot":33,"minecraft:cooked_chicken":3,"minecraft:stone_pickaxe":14,"minecraft:cyan_candle":6,"minecraft:diamond_helmet":4,"minecraft:oak_planks":147,"minecraft:book":6,"minecraft:sweet_berries":4,"minecraft:sand":35,"minecraft:amethyst_shard":30,"minecraft:spruce_sapling":4,"minecraft:spruce_log":131,"minecraft:white_bed":6,"minecraft:cyan_bed":11,"minecraft:dark_prismarine":7,"minecraft:diamond":30,"minecraft:spruce_boat":14,"minecraft:stone_axe":28,"minecraft:iron_helmet":2,"minecraft:golden_apple":16,"minecraft:emerald":12,"minecraft:bread":249,"minecraft:smooth_quartz_slab":7,"minecraft:coal":123,"minecraft:diamond_pickaxe":1,"minecraft:ender_pearl":1},"minecraft:broken":{"minecraft:stone_axe":3},"minecraft:used":{"minecraft:stone_sword":6,"minecraft:flint_and_steel":21,"minecraft:chest":3,"minecraft:spruce_planks":21,"minecraft:shield":29,"minecraft:stone":4,"minecraft:cooked_chicken":2,"minecraft:rotten_flesh":31,"minecraft:iron_chestplate":2,"minecraft:torch":89,"minecraft:dirt":25,"minecraft:carrot":3,"minecraft:diamond_helmet":1,"minecraft:dark_oak_planks":2,"minecraft:honey_bottle":2,"minecraft:spruce_boat":4,"minecraft:birch_door":1,"minecraft:wooden_axe":22,"minecraft:stripped_dark_oak_wood":5,"minecraft:iron_axe":68,"minecraft:lantern":1,"minecraft:iron_boots":2,"minecraft:item_frame":2,"minecraft:rabbit_stew":1,"minecraft:light_gray_wool":1,"minecraft:bow":46,"minecraft:beef":1,"minecraft:furnace":5,"minecraft:egg":1,"minecraft:potato":4,"minecraft:cooked_beef":2,"minecraft:beetroot_soup":1,"minecraft:iron_leggings":1,"minecraft:calcite":9,"minecraft:wheat_seeds":28,"minecraft:cooked_mutton":9,"minecraft:water_bucket":8,"minecraft:diorite":1,"minecraft:stone_pickaxe":112,"minecraft:wooden_pickaxe":92,"minecraft:sugar_cane":10,"minecraft:stripped_mangrove_wood":1,"minecraft:crafting_table":14,"minecraft:mushroom_stew":3,"minecraft:white_bed":7,"minecraft:spruce_log":3,"minecraft:wooden_hoe":27,"minecraft:diamond_pickaxe":99,"minecraft:chicken":1,"minecraft:bread":63,"minecraft:cyan_bed":10,"minecraft:cyan_carpet":13,"minecraft:stone_axe":373,"minecraft:diamond_sword":111,"minecraft:wooden_sword":4,"minecraft:cobblestone":33,"minecraft:cooked_porkchop":3,"minecraft:bucket":10,"minecraft:wither_rose":1,"minecraft:coarse_dirt":1,"minecraft:bone_meal":63},"minecraft:killed_by":{"minecraft:husk":12,"minecraft:player":1,"minecraft:creeper":2,"minecraft:skeleton":17,"minecraft:zombie":2},"minecraft:killed":{"minecraft:spider":2,"minecraft:skeleton":11,"minecraft:chicken":7,"minecraft:husk":50,"minecraft:pig":2,"minecraft:iron_golem":1,"minecraft:creeper":1,"minecraft:sheep":12,"minecraft:zombie":26,"minecraft:ghast":5,"minecraft:stray":3,"minecraft:cow":5},"minecraft:mined":{"minecraft:tuff":3,"minecraft:spruce_planks":4,"minecraft:white_bed":5,"minecraft:deepslate_diamond_ore":12,"minecraft:cobblestone_stairs":1,"minecraft:grass_block":6,"minecraft:light_gray_bed":1,"minecraft:spruce_leaves":46,"minecraft:hay_block":19,"minecraft:spawner":3,"minecraft:large_fern":3,"minecraft:black_stained_glass_pane":2,"minecraft:furnace":3,"minecraft:dark_oak_trapdoor":4,"minecraft:iron_ore":2,"minecraft:fire":36,"minecraft:andesite":3,"minecraft:stripped_dark_oak_wood":11,"minecraft:deepslate_iron_ore":12,"minecraft:stripped_mangrove_wood":3,"minecraft:stone":173,"minecraft:podzol":1,"minecraft:brown_mushroom":15,"minecraft:soul_fire":23,"minecraft:chiseled_quartz_block":1,"minecraft:crafting_table":4,"minecraft:jungle_stairs":1,"minecraft:calcite":5,"minecraft:tall_grass":5,"minecraft:smooth_quartz_slab":1,"minecraft:cobblestone":9,"minecraft:sugar_cane":10,"minecraft:cyan_bed":10,"minecraft:oak_planks":1,"minecraft:coarse_dirt":10,"minecraft:birch_log":7,"minecraft:wheat":27,"minecraft:spruce_log":70,"minecraft:birch_door":1,"minecraft:wither_rose":1,"minecraft:grass":7,"minecraft:oak_log":71,"minecraft:coal_ore":36,"minecraft:gravel":1,"minecraft:cyan_carpet":28,"minecraft:dirt":27,"minecraft:red_mushroom_block":6,"minecraft:oak_leaves":9,"minecraft:deepslate":16,"minecraft:cyan_candle":1,"minecraft:fern":10},"minecraft:custom":{"minecraft:mob_kills":126,"minecraft:interact_with_crafting_table":62,"minecraft:open_barrel":7,"minecraft:damage_dealt_resisted":191,"minecraft:eat_cake_slice":18,"minecraft:leave_game":6,"minecraft:time_since_death":26464,"minecraft:damage_resisted":184,"minecraft:climb_one_cm":27324,"minecraft:sprint_one_cm":671450,"minecraft:walk_one_cm":351938,"minecraft:damage_blocked_by_shield":1965,"minecraft:drop":21,"minecraft:talked_to_villager":3,"minecraft:play_time":204067,"minecraft:sneak_time":3459,"minecraft:deaths":36,"minecraft:walk_under_water_one_cm":9271,"minecraft:boat_one_cm":120327,"minecraft:jump":4507,"minecraft:interact_with_blast_furnace":2,"minecraft:walk_on_water_one_cm":23746,"minecraft:total_world_time":204067,"minecraft:interact_with_furnace":24,"minecraft:traded_with_villager":1,"minecraft:tune_noteblock":32,"minecraft:sleep_in_bed":13,"minecraft:time_since_rest":800,"minecraft:damage_taken":15538,"minecraft:damage_dealt":31224,"minecraft:swim_one_cm":40728,"minecraft:fly_one_cm":728067,"minecraft:open_chest":59,"minecraft:crouch_one_cm":8736,"minecraft:fall_one_cm":109223},"minecraft:dropped":{"minecraft:wheat_seeds":2,"minecraft:dirt":1,"minecraft:diamond_helmet":1,"minecraft:cyan_carpet":1,"minecraft:stone_axe":2,"minecraft:coarse_dirt":3,"minecraft:stone_sword":1,"minecraft:bowl":1,"minecraft:rotten_flesh":4,"minecraft:iron_boots":1,"minecraft:cooked_mutton":1,"minecraft:flint_and_steel":1,"aether:chainmail_gloves":1,"minecraft:iron_chestplate":1,"minecraft:wooden_pickaxe":2}},"DataVersion":3465}