{"stats":{"minecraft:used":{"minecraft:water_bucket":70,"minecraft:stone_shovel":529,"minecraft:stone_pickaxe":22,"minecraft:wooden_pickaxe":30,"minecraft:sugar_cane":80,"minecraft:stone_hoe":116,"minecraft:jungle_boat":5,"minecraft:torch":4,"minecraft:brewing_stand":1,"minecraft:dirt":27,"minecraft:oak_slab":5,"minecraft:crafting_table":6,"minecraft:jungle_planks":27,"minecraft:blast_furnace":1,"minecraft:white_bed":6,"minecraft:spruce_log":2,"minecraft:jungle_sapling":4,"minecraft:bamboo_raft":1,"minecraft:bread":16,"minecraft:iron_pickaxe":8,"minecraft:jungle_stairs":48,"minecraft:spruce_sapling":4,"minecraft:bamboo":30,"minecraft:stone_axe":109,"minecraft:cobblestone":26,"minecraft:bucket":71,"minecraft:orange_terracotta":2},"minecraft:broken":{"minecraft:stone_axe":1,"minecraft:stone_shovel":4},"minecraft:crafted":{"minecraft:stone_shovel":5,"minecraft:crafting_table":1,"minecraft:spruce_planks":4,"minecraft:jungle_boat":1,"minecraft:wooden_pickaxe":2,"minecraft:bucket":1,"minecraft:stone_axe":1,"minecraft:bread":45,"minecraft:air":0,"minecraft:jungle_planks":192,"minecraft:charcoal":2,"minecraft:golden_apple":1,"minecraft:shield":1,"minecraft:stick":20,"minecraft:iron_pickaxe":1,"minecraft:stone_pickaxe":1,"minecraft:stone_sword":1,"minecraft:gold_ingot":9,"minecraft:jungle_stairs":52,"minecraft:stone_hoe":1,"minecraft:wheat":135},"minecraft:mined":{"minecraft:oak_slab":9,"minecraft:white_bed":6,"minecraft:brown_mushroom":4,"minecraft:kelp_plant":1,"minecraft:jungle_leaves":31,"minecraft:orange_terracotta":2,"minecraft:brewing_stand":2,"minecraft:crafting_table":5,"minecraft:torch":3,"minecraft:jungle_stairs":4,"minecraft:blast_furnace":1,"minecraft:grass_block":340,"minecraft:jungle_planks":3,"minecraft:jungle_log":48,"minecraft:cobblestone":16,"minecraft:spruce_leaves":21,"minecraft:sugar_cane":24,"minecraft:wall_torch":1,"minecraft:hay_block":94,"minecraft:seagrass":1,"minecraft:spruce_log":14,"minecraft:gold_block":1,"minecraft:grass":19,"minecraft:vine":6,"minecraft:dirt":199,"minecraft:stone":29,"minecraft:oak_leaves":72,"minecraft:fern":1},"minecraft:killed":{"minecraft:pig":1,"minecraft:iron_golem":1,"minecraft:cow":6},"minecraft:picked_up":{"minecraft:cocoa_beans":10,"minecraft:crafting_table":5,"minecraft:jungle_boat":4,"minecraft:jungle_log":48,"minecraft:leather":7,"minecraft:brown_mushroom":3,"minecraft:wooden_pickaxe":1,"minecraft:gold_block":1,"minecraft:brewing_stand":2,"minecraft:cornflower":1,"minecraft:dirt":531,"minecraft:orange_terracotta":2,"minecraft:pufferfish":1,"minecraft:apple":1,"minecraft:kelp":7,"minecraft:wheat_seeds":8,"minecraft:beef":11,"minecraft:iron_ingot":15,"minecraft:jungle_sapling":6,"minecraft:poppy":1,"minecraft:bamboo":30,"minecraft:sugar_cane":59,"minecraft:oak_slab":9,"minecraft:stick":5,"minecraft:torch":4,"minecraft:dandelion":5,"minecraft:jungle_planks":3,"minecraft:bamboo_raft":1,"minecraft:porkchop":1,"minecraft:spruce_sapling":4,"minecraft:blast_furnace":1,"minecraft:white_bed":6,"minecraft:spruce_log":14,"minecraft:jungle_stairs":4,"minecraft:hay_block":94,"minecraft:oak_sapling":2,"minecraft:cobblestone":45,"minecraft:oxeye_daisy":3},"minecraft:dropped":{"minecraft:iron_ingot":2,"minecraft:bread":18,"minecraft:wooden_pickaxe":1},"minecraft:custom":{"minecraft:interact_with_furnace":4,"minecraft:mob_kills":8,"minecraft:interact_with_crafting_table":19,"minecraft:time_since_death":95696,"minecraft:sleep_in_bed":7,"minecraft:climb_one_cm":3711,"minecraft:time_since_rest":6365,"minecraft:sprint_one_cm":330027,"minecraft:damage_taken":127,"minecraft:walk_one_cm":304735,"minecraft:drop":5,"minecraft:damage_dealt":2322,"minecraft:swim_one_cm":18951,"minecraft:talked_to_villager":1,"minecraft:fly_one_cm":223856,"minecraft:open_chest":13,"minecraft:crouch_one_cm":3342,"minecraft:play_time":95696,"minecraft:sneak_time":1772,"minecraft:walk_under_water_one_cm":6680,"minecraft:boat_one_cm":301836,"minecraft:jump":1051,"minecraft:walk_on_water_one_cm":10903,"minecraft:total_world_time":95696,"minecraft:fall_one_cm":7774}},"DataVersion":3465}