{"stats":{"minecraft:used":{"minecraft:moss_block":10,"minecraft:stone_sword":64,"minecraft:chest":2,"minecraft:shield":32,"minecraft:iron_sword":15,"minecraft:stone_hoe":102,"minecraft:cooked_chicken":6,"minecraft:rotten_flesh":19,"minecraft:torch":92,"minecraft:dirt":59,"minecraft:milk_bucket":1,"minecraft:flowering_azalea":1,"minecraft:iron_axe":3,"minecraft:smooth_basalt":4,"minecraft:light_gray_wool":1,"minecraft:oak_sapling":3,"minecraft:furnace":8,"minecraft:egg":1,"minecraft:cooked_beef":3,"minecraft:cobbled_deepslate":8,"minecraft:acacia_planks":1,"minecraft:cooked_mutton":21,"minecraft:stone_pickaxe":83,"minecraft:oak_planks":13,"minecraft:blackstone":3,"minecraft:wooden_pickaxe":81,"minecraft:salmon":1,"minecraft:sand":2,"minecraft:crafting_table":16,"minecraft:white_bed":8,"minecraft:black_wool":1,"minecraft:string":2,"minecraft:brown_wool":2,"minecraft:iron_pickaxe":110,"travelersbackpack:white_sleeping_bag":1,"minecraft:stone_axe":108,"minecraft:cobblestone":47,"minecraft:cooked_porkchop":3,"minecraft:andesite":6,"minecraft:coarse_dirt":1},"minecraft:dropped":{"minecraft:iron_ingot":7,"minecraft:wheat_seeds":3,"minecraft:oak_log":12,"minecraft:glow_ink_sac":8,"minecraft:iron_helmet":1,"minecraft:tropical_fish":1,"minecraft:iron_axe":1,"minecraft:stone_axe":3,"minecraft:moss_carpet":7,"minecraft:cooked_chicken":1,"minecraft:stone_sword":2,"minecraft:cooked_mutton":10,"minecraft:big_dripleaf":2,"minecraft:shield":1,"travelersbackpack:white_sleeping_bag":3,"minecraft:oak_sapling":1,"minecraft:stone_pickaxe":4,"minecraft:magma_block":10},"minecraft:broken":{"minecraft:wooden_pickaxe":1},"minecraft:custom":{"minecraft:mob_kills":36,"minecraft:interact_with_crafting_table":46,"minecraft:leave_game":5,"minecraft:time_since_death":1795,"minecraft:climb_one_cm":19892,"minecraft:sprint_one_cm":375754,"minecraft:walk_one_cm":303395,"minecraft:damage_blocked_by_shield":1915,"minecraft:drop":30,"minecraft:play_time":141247,"minecraft:deaths":18,"minecraft:sneak_time":3880,"minecraft:walk_under_water_one_cm":8898,"minecraft:jump":3093,"minecraft:walk_on_water_one_cm":9719,"minecraft:total_world_time":141247,"minecraft:interact_with_furnace":69,"minecraft:sleep_in_bed":9,"minecraft:time_since_rest":1835,"minecraft:damage_taken":7454,"minecraft:damage_dealt":5057,"minecraft:swim_one_cm":23732,"minecraft:fly_one_cm":452039,"minecraft:open_chest":20,"minecraft:crouch_one_cm":13938,"minecraft:fall_one_cm":86675},"minecraft:picked_up":{"minecraft:iron_chestplate":1,"minecraft:coarse_dirt":1,"minecraft:crafting_table":15,"minecraft:wheat":5,"minecraft:chicken":3,"minecraft:clay_ball":140,"minecraft:wooden_pickaxe":2,"minecraft:shield":3,"minecraft:iron_axe":1,"minecraft:string":7,"minecraft:moss_carpet":14,"minecraft:iron_shovel":1,"minecraft:blackstone":28,"minecraft:cobbled_deepslate":9,"minecraft:beef":7,"minecraft:iron_pickaxe":1,"minecraft:light_gray_wool":1,"minecraft:sugar_cane":12,"minecraft:chest":2,"minecraft:furnace":8,"minecraft:egg":1,"minecraft:raw_iron":43,"minecraft:stick":15,"minecraft:big_dripleaf":2,"minecraft:torch":62,"minecraft:acacia_log":30,"minecraft:porkchop":21,"minecraft:redstone":56,"minecraft:stone_sword":8,"minecraft:arrow":23,"minecraft:rotten_flesh":46,"minecraft:tropical_fish":2,"minecraft:mutton":9,"aether:white_cape":3,"minecraft:white_wool":9,"minecraft:cobblestone":269,"minecraft:magma_block":11,"minecraft:feather":18,"minecraft:water_bucket":1,"minecraft:glow_ink_sac":10,"minecraft:andesite":6,"minecraft:salmon":1,"minecraft:leather":15,"minecraft:brown_wool":4,"minecraft:oak_log":309,"minecraft:lapis_lazuli":23,"minecraft:dirt":148,"minecraft:cooked_mutton":51,"minecraft:bone":26,"minecraft:acacia_planks":40,"minecraft:wheat_seeds":14,"minecraft:raw_gold":64,"minecraft:iron_ingot":9,"minecraft:stone_pickaxe":11,"minecraft:cooked_chicken":3,"minecraft:moss_block":14,"minecraft:oak_planks":53,"minecraft:acacia_sapling":13,"minecraft:stone_hoe":4,"minecraft:flowering_azalea":1,"minecraft:smooth_basalt":6,"minecraft:sweet_berries":2,"minecraft:sand":2,"minecraft:spruce_sapling":16,"minecraft:white_bed":9,"travelersbackpack:white_sleeping_bag":10,"minecraft:sugar":1,"minecraft:diamond":4,"minecraft:stone_axe":8,"minecraft:iron_helmet":2,"minecraft:gray_wool":1,"minecraft:oak_sapling":8,"minecraft:black_wool":3,"minecraft:coal":133},"minecraft:killed_by":{"minecraft:player":1,"minecraft:creeper":3,"minecraft:skeleton":10,"minecraft:zombie":2,"minecraft:witch":1},"minecraft:crafted":{"minecraft:oak_planks":104,"minecraft:cooked_chicken":6,"minecraft:furnace":4,"minecraft:cooked_mutton":20,"minecraft:iron_boots":1,"minecraft:iron_axe":1,"minecraft:stone_pickaxe":4,"minecraft:chest":1,"minecraft:stone_hoe":1,"minecraft:cooked_beef":7,"minecraft:cooked_porkchop":3,"minecraft:crafting_table":6,"minecraft:wooden_pickaxe":2,"minecraft:iron_helmet":1,"minecraft:iron_sword":1,"minecraft:stone_axe":4,"minecraft:air":0,"minecraft:iron_chestplate":1,"minecraft:shield":2,"minecraft:stick":52,"minecraft:iron_ingot":42,"minecraft:iron_pickaxe":1,"minecraft:stone_sword":3,"minecraft:iron_leggings":1,"minecraft:white_bed":1,"minecraft:torch":104},"minecraft:mined":{"minecraft:white_bed":8,"minecraft:deepslate_diamond_ore":4,"minecraft:acacia_log":18,"minecraft:grass_block":13,"minecraft:brown_wool":1,"travelersbackpack:white_sleeping_bag":3,"minecraft:spruce_leaves":120,"minecraft:moss_block":8,"minecraft:magma_block":8,"minecraft:furnace":5,"minecraft:iron_ore":13,"minecraft:fire":3,"minecraft:andesite":5,"minecraft:deepslate_lapis_ore":2,"minecraft:deepslate_iron_ore":19,"minecraft:stone":108,"minecraft:deepslate_redstone_ore":8,"minecraft:acacia_leaves":15,"minecraft:flowering_azalea":2,"minecraft:blackstone":28,"minecraft:clay":3,"minecraft:crafting_table":12,"minecraft:torch":2,"minecraft:dead_bush":6,"minecraft:cobblestone":4,"minecraft:tall_grass":26,"minecraft:deepslate_gold_ore":14,"minecraft:sugar_cane":2,"minecraft:big_dripleaf":1,"minecraft:coarse_dirt":1,"minecraft:grass":29,"minecraft:coal_ore":26,"minecraft:oak_log":74,"minecraft:sand":2,"minecraft:dirt":26,"minecraft:smooth_basalt":2,"minecraft:acacia_planks":1,"minecraft:small_dripleaf":1,"minecraft:oak_leaves":37,"minecraft:deepslate":6},"minecraft:killed":{"minecraft:spider":1,"minecraft:skeleton":6,"minecraft:chicken":2,"minecraft:pig":3,"minecraft:salmon":1,"minecraft:sheep":5,"minecraft:zombie":14,"minecraft:cow":4}},"DataVersion":3465}