{"stats":{"minecraft:killed_by":{"minecraft:ghast":1,"minecraft:wither_skeleton":1,"minecraft:creeper":6,"minecraft:pillager":1,"minecraft:zombie":6,"minecraft:illusioner":1,"minecraft:vex":1,"minecraft:husk":12,"minecraft:player":1,"minecraft:spider":2,"minecraft:skeleton":28},"minecraft:used":{"minecraft:iron_shovel":263,"minecraft:bone_block":1,"minecraft:shield":127,"minecraft:chest":9,"minecraft:stone":4,"minecraft:iron_sword":44,"travelersbackpack:diamond":1,"minecraft:rotten_flesh":32,"minecraft:iron_chestplate":2,"minecraft:mutton":2,"minecraft:nether_bricks":92,"minecraft:carrot":3,"minecraft:tuff":28,"minecraft:honey_bottle":2,"minecraft:spruce_boat":4,"minecraft:lava_bucket":12,"minecraft:stripped_dark_oak_wood":5,"minecraft:lantern":1,"minecraft:item_frame":2,"minecraft:rabbit_stew":1,"minecraft:bow":227,"minecraft:oak_sapling":1,"minecraft:furnace":49,"minecraft:egg":66,"minecraft:potato":4,"minecraft:diorite":1,"minecraft:diamond_boots":1,"minecraft:stone_pickaxe":133,"minecraft:oak_planks":42,"minecraft:wooden_pickaxe":92,"minecraft:sugar_cane":150,"minecraft:diamond_axe":219,"minecraft:golden_apple":4,"minecraft:white_wool":1,"minecraft:stripped_mangrove_wood":1,"minecraft:sand":553,"minecraft:mushroom_stew":3,"aether:blue_aercloud":2,"minecraft:cyan_carpet":13,"minecraft:bread":168,"minecraft:cyan_bed":19,"minecraft:lectern":2,"minecraft:gravel":19,"minecraft:diamond_sword":762,"minecraft:wooden_sword":4,"minecraft:birch_log":3,"minecraft:coarse_dirt":1,"minecraft:white_concrete":1,"minecraft:oak_boat":2,"minecraft:bone_meal":69,"minecraft:stone_sword":6,"minecraft:oak_trapdoor":2,"minecraft:enchanting_table":2,"minecraft:flint_and_steel":56,"aether:cold_aercloud":5,"aether:aether_dirt":1,"minecraft:spruce_planks":41,"minecraft:stone_hoe":146,"minecraft:cooked_chicken":19,"minecraft:netherrack":15,"minecraft:oak_door":6,"minecraft:torch":362,"minecraft:dirt":230,"minecraft:diamond_helmet":2,"minecraft:birch_door":1,"minecraft:dark_oak_planks":2,"minecraft:wooden_axe":22,"minecraft:bookshelf":15,"minecraft:iron_axe":428,"minecraft:iron_boots":2,"minecraft:smooth_quartz":42,"minecraft:diamond_chestplate":1,"minecraft:light_gray_wool":1,"minecraft:glowstone":15,"minecraft:beef":1,"minecraft:cooked_beef":5,"minecraft:cobbled_deepslate":81,"minecraft:beetroot_soup":1,"minecraft:iron_leggings":1,"minecraft:calcite":9,"minecraft:quartz_bricks":18,"minecraft:wheat_seeds":28,"minecraft:cooked_mutton":10,"minecraft:water_bucket":40,"minecraft:birch_planks":34,"minecraft:baked_potato":5,"minecraft:tnt":6,"minecraft:crafting_table":32,"minecraft:white_bed":15,"minecraft:spruce_log":10,"minecraft:smoker":5,"minecraft:oak_log":2,"minecraft:wooden_hoe":27,"minecraft:black_wool":1,"minecraft:diamond_pickaxe":836,"minecraft:apple":1,"minecraft:diamond_shovel":579,"minecraft:chicken":2,"minecraft:iron_pickaxe":305,"minecraft:map":1,"minecraft:spruce_sapling":12,"minecraft:stone_axe":466,"minecraft:cobblestone":113,"minecraft:cooked_porkchop":94,"minecraft:bucket":59,"minecraft:wither_rose":1},"minecraft:picked_up":{"minecraft:wooden_axe":1,"minecraft:iron_chestplate":11,"minecraft:birch_door":1,"minecraft:wheat":220,"minecraft:chainmail_boots":1,"minecraft:diamond_sword":14,"aether:iron_gloves":11,"minecraft:wither_rose":7,"minecraft:enchanted_book":11,"minecraft:brewing_stand":1,"minecraft:polished_deepslate_wall":1,"minecraft:polished_deepslate":2,"minecraft:string":75,"minecraft:dark_oak_trapdoor":16,"travelersbackpack:diamond":1,"aether:diamond_gloves":3,"minecraft:red_nether_bricks":6,"minecraft:iron_leggings":19,"minecraft:beetroot_soup":1,"minecraft:beetroot":42,"minecraft:diamond_leggings":1,"minecraft:gold_nugget":9,"minecraft:cobbled_deepslate":403,"minecraft:spruce_planks":197,"minecraft:eye_armor_trim_smithing_template":7,"minecraft:warped_slab":1,"minecraft:calcite":24,"minecraft:smooth_quartz":42,"minecraft:iron_pickaxe":10,"minecraft:melon_slice":15,"minecraft:iron_boots":16,"minecraft:furnace":68,"minecraft:tipped_arrow":4,"minecraft:golden_helmet":2,"minecraft:stick":202,"minecraft:torch":209,"minecraft:porkchop":67,"minecraft:diorite":3,"minecraft:warped_planks":3,"minecraft:brown_carpet":3,"minecraft:stone_sword":10,"minecraft:honey_bottle":1,"minecraft:light_gray_bed":1,"minecraft:rotten_flesh":284,"aether:chainmail_gloves":2,"minecraft:glowstone":15,"minecraft:end_rod":5,"securitycraft:blacklist_module":2,"aether:iron_ring":4,"minecraft:blaze_rod":51,"minecraft:obsidian":21,"minecraft:cobblestone":857,"minecraft:birch_log":25,"minecraft:enchanting_table":1,"minecraft:feather":188,"minecraft:cooked_beef":19,"minecraft:water_bucket":21,"minecraft:andesite":42,"minecraft:brown_wool":2,"minecraft:chiseled_quartz_block":11,"minecraft:potato":15,"minecraft:flint":54,"minecraft:tuff":33,"minecraft:map":2,"minecraft:lapis_lazuli":82,"minecraft:dirt":920,"minecraft:lantern":1,"minecraft:bone":163,"minecraft:bow":15,"minecraft:wheat_seeds":753,"minecraft:raw_gold":101,"aether:cold_aercloud":7,"minecraft:cyan_candle":6,"minecraft:diamond_helmet":13,"aether:book_of_lore":1,"minecraft:glowstone_dust":1,"minecraft:oak_planks":392,"minecraft:ghast_tear":1,"minecraft:cooked_porkchop":520,"minecraft:sand":778,"minecraft:cyan_bed":19,"minecraft:dark_prismarine":7,"minecraft:quartz_bricks":46,"minecraft:diamond":127,"minecraft:spruce_boat":17,"minecraft:polished_blackstone_pressure_plate":1,"aether:ambrosium_shard":1,"aether:swet_ball":3,"minecraft:golden_apple":19,"minecraft:white_concrete":5,"minecraft:emerald":19,"minecraft:bread":459,"minecraft:oak_sapling":1,"minecraft:netherrack":30,"aether:blue_aercloud":3,"minecraft:diamond_pickaxe":14,"minecraft:coarse_dirt":28,"minecraft:charcoal":143,"minecraft:crafting_table":11,"minecraft:allium":1,"minecraft:splash_potion":2,"minecraft:chicken":146,"minecraft:ladder":11,"minecraft:clay_ball":147,"minecraft:rabbit_stew":1,"aether:aether_dirt":1,"minecraft:brown_mushroom":26,"minecraft:wooden_pickaxe":8,"minecraft:gold_block":6,"minecraft:diamond_horse_armor":16,"minecraft:shield":14,"minecraft:iron_axe":18,"minecraft:wooden_sword":1,"minecraft:flint_and_steel":6,"minecraft:item_frame":3,"minecraft:iron_shovel":3,"minecraft:cyan_carpet":51,"minecraft:blue_orchid":1,"minecraft:netherite_sword":1,"minecraft:beef":120,"minecraft:poppy":20,"minecraft:light_gray_wool":4,"minecraft:lectern":5,"minecraft:sugar_cane":184,"minecraft:chest":1,"aether:iron_pendant":5,"minecraft:egg":172,"minecraft:raw_iron":97,"minecraft:sandstone":4,"minecraft:stripped_mangrove_wood":13,"minecraft:stone":295,"minecraft:oak_door":14,"aether:golden_parachute":1,"minecraft:bowl":20,"minecraft:carrot":59,"minecraft:redstone":47,"minecraft:iron_horse_armor":4,"minecraft:dark_oak_planks":8,"minecraft:tnt":8,"minecraft:arrow":766,"minecraft:diamond_chestplate":13,"minecraft:jungle_stairs":3,"minecraft:nether_bricks":135,"minecraft:diamond_boots":12,"minecraft:hay_block":28,"minecraft:stripped_dark_oak_wood":37,"minecraft:saddle":2,"minecraft:gold_ingot":167,"minecraft:totem_of_undying":8,"minecraft:mutton":120,"minecraft:skeleton_skull":7,"minecraft:white_wool":94,"minecraft:bone_block":10,"minecraft:stripped_oak_log":1,"minecraft:tripwire_hook":4,"minecraft:leather":56,"minecraft:red_mushroom":14,"minecraft:filled_map":11,"minecraft:birch_planks":86,"minecraft:mushroom_stew":3,"minecraft:oak_log":470,"minecraft:yellow_bed":1,"minecraft:golden_boots":2,"minecraft:gunpowder":39,"minecraft:wooden_hoe":2,"minecraft:deepslate_tile_slab":6,"minecraft:cooked_mutton":163,"minecraft:apple":13,"minecraft:iron_ingot":135,"minecraft:stone_pickaxe":18,"minecraft:cooked_chicken":56,"minecraft:glass_bottle":4,"minecraft:iron_sword":11,"minecraft:book":342,"minecraft:warped_fungus":6,"minecraft:sweet_berries":4,"minecraft:dandelion":6,"minecraft:raw_iron_block":3,"minecraft:gravel":672,"minecraft:lava_bucket":18,"minecraft:amethyst_shard":60,"minecraft:spruce_sapling":49,"minecraft:white_bed":10,"minecraft:spruce_log":1032,"minecraft:spider_eye":15,"minecraft:diamond_shovel":2,"minecraft:white_concrete_powder":5,"minecraft:slime_ball":8,"minecraft:stone_axe":30,"minecraft:iron_helmet":12,"minecraft:diamond_axe":4,"minecraft:gray_wool":3,"minecraft:warped_roots":14,"minecraft:baked_potato":7,"minecraft:black_wool":3,"minecraft:smooth_quartz_slab":7,"minecraft:coal":396,"minecraft:ender_pearl":5},"minecraft:broken":{"minecraft:iron_shovel":1,"minecraft:diamond_helmet":1,"minecraft:stone_axe":3,"aether:iron_gloves":2,"minecraft:stone_hoe":1,"minecraft:iron_pickaxe":1},"minecraft:custom":{"minecraft:animals_bred":25,"minecraft:interact_with_crafting_table":158,"minecraft:open_barrel":29,"minecraft:bell_ring":6,"minecraft:eat_cake_slice":18,"minecraft:leave_game":17,"minecraft:time_since_death":41924,"minecraft:damage_resisted":184,"minecraft:sprint_one_cm":2330549,"minecraft:damage_blocked_by_shield":7725,"minecraft:drop":118,"minecraft:talked_to_villager":7,"minecraft:play_time":736874,"minecraft:deaths":70,"minecraft:jump":15457,"minecraft:enchant_item":6,"minecraft:walk_on_water_one_cm":72270,"minecraft:interact_with_furnace":320,"minecraft:traded_with_villager":1,"minecraft:interact_with_loom":1,"minecraft:sleep_in_bed":23,"minecraft:damage_dealt":80320,"minecraft:crouch_one_cm":51872,"minecraft:interact_with_smoker":3,"minecraft:inspect_dispenser":10,"minecraft:interact_with_anvil":5,"minecraft:mob_kills":497,"minecraft:damage_dealt_resisted":191,"minecraft:climb_one_cm":28520,"minecraft:walk_one_cm":1526467,"minecraft:sneak_time":23558,"minecraft:walk_under_water_one_cm":57316,"minecraft:boat_one_cm":182109,"minecraft:interact_with_lectern":1,"minecraft:interact_with_blast_furnace":2,"minecraft:total_world_time":736874,"minecraft:tune_noteblock":32,"minecraft:time_since_rest":18992,"minecraft:damage_taken":38783,"minecraft:damage_absorbed":160,"minecraft:trigger_trapped_chest":2,"minecraft:swim_one_cm":75331,"minecraft:fly_one_cm":3023162,"minecraft:open_chest":252,"minecraft:fall_one_cm":382241},"minecraft:killed":{"minecraft:zombified_piglin":4,"minecraft:witch":3,"minecraft:spider":20,"minecraft:skeleton":42,"minecraft:chicken":67,"minecraft:silverfish":4,"minecraft:illusioner":1,"aether:blue_swet":1,"minecraft:magma_cube":1,"minecraft:pig":31,"minecraft:zombie_villager":5,"minecraft:iron_golem":2,"minecraft:creeper":21,"minecraft:sheep":43,"minecraft:pillager":9,"minecraft:zombie":99,"minecraft:stray":3,"minecraft:ghast":14,"minecraft:blaze":14,"minecraft:cow":27,"minecraft:vex":4,"minecraft:evoker":1,"aether:golden_swet":2,"minecraft:vindicator":8,"minecraft:slime":4,"minecraft:husk":50,"aether:cockatrice":1,"minecraft:ravager":2,"minecraft:wither_skeleton":1,"minecraft:villager":1},"minecraft:mined":{"minecraft:spruce_planks":5,"minecraft:white_bed":8,"aether:cold_aercloud":5,"minecraft:cobblestone_stairs":1,"minecraft:obsidian":8,"minecraft:grass_block":111,"minecraft:light_gray_bed":1,"minecraft:polished_blackstone_pressure_plate":1,"minecraft:spawner":3,"minecraft:raw_iron_block":3,"minecraft:iron_ore":2,"minecraft:dark_oak_trapdoor":4,"minecraft:fire":150,"minecraft:cobbled_deepslate":2,"minecraft:deepslate_lapis_ore":8,"minecraft:stripped_dark_oak_wood":11,"minecraft:enchanting_table":1,"minecraft:dirt_path":2,"minecraft:stripped_mangrove_wood":3,"minecraft:blue_orchid":1,"minecraft:brown_mushroom":19,"minecraft:soul_fire":138,"minecraft:chiseled_quartz_block":1,"minecraft:clay":1,"minecraft:torch":4,"minecraft:jungle_stairs":1,"minecraft:calcite":5,"minecraft:chest":1,"minecraft:dead_bush":1,"minecraft:smooth_quartz_slab":1,"minecraft:cobblestone":30,"minecraft:oak_planks":13,"minecraft:cyan_bed":18,"minecraft:sugar_cane":100,"travelersbackpack:diamond":1,"minecraft:warped_nylium":3,"minecraft:birch_log":10,"minecraft:wheat":109,"aether:aether_grass_block":1,"minecraft:birch_door":1,"minecraft:warped_fungus":1,"minecraft:tnt":1,"minecraft:wither_rose":1,"minecraft:grass":518,"minecraft:oak_log":188,"minecraft:smooth_quartz":42,"minecraft:sand":630,"minecraft:dirt":93,"minecraft:red_mushroom_block":6,"aether:ambrosium_ore":1,"minecraft:netherrack":23,"minecraft:deepslate":186,"minecraft:oak_leaves":9,"minecraft:cyan_candle":1,"minecraft:tuff":21,"minecraft:deepslate_diamond_ore":38,"minecraft:oak_door":4,"minecraft:nether_bricks":90,"minecraft:spruce_leaves":197,"minecraft:large_fern":5,"minecraft:hay_block":31,"minecraft:black_stained_glass_pane":2,"minecraft:furnace":21,"minecraft:nether_sprouts":4,"minecraft:andesite":9,"minecraft:bookshelf":7,"minecraft:deepslate_iron_ore":81,"minecraft:stripped_oak_log":1,"minecraft:stone":506,"minecraft:bone_block":11,"minecraft:white_wool":2,"minecraft:podzol":1,"minecraft:dandelion":3,"minecraft:crafting_table":10,"minecraft:warped_roots":4,"minecraft:lectern":1,"minecraft:tall_grass":137,"minecraft:deepslate_gold_ore":50,"minecraft:birch_planks":1,"minecraft:coarse_dirt":10,"minecraft:spruce_log":436,"minecraft:coal_ore":172,"minecraft:cyan_carpet":28,"minecraft:gravel":92,"minecraft:cobweb":1,"minecraft:fern":21},"minecraft:crafted":{"minecraft:oak_planks":300,"minecraft:cooked_chicken":24,"minecraft:diamond_shovel":1,"travelersbackpack:diamond":1,"minecraft:bookshelf":15,"minecraft:cooked_mutton":28,"minecraft:glass":12,"minecraft:diamond_helmet":2,"minecraft:bow":1,"minecraft:diamond_leggings":1,"minecraft:iron_boots":5,"minecraft:chest":9,"minecraft:stone_hoe":1,"minecraft:smoker":5,"minecraft:arrow":8,"minecraft:cooked_porkchop":44,"minecraft:diamond_axe":1,"minecraft:crafting_table":24,"minecraft:spruce_planks":428,"travelersbackpack:standard":1,"minecraft:wooden_pickaxe":4,"minecraft:iron_helmet":4,"minecraft:birch_planks":28,"minecraft:tnt":8,"minecraft:wooden_hoe":1,"minecraft:iron_chestplate":1,"minecraft:diamond_pickaxe":2,"minecraft:charcoal":141,"minecraft:shield":8,"minecraft:stick":232,"minecraft:iron_ingot":88,"minecraft:iron_pickaxe":2,"minecraft:stone_sword":3,"minecraft:gold_ingot":86,"minecraft:wooden_sword":1,"minecraft:oak_door":3,"minecraft:raw_iron":27,"minecraft:furnace":33,"minecraft:mushroom_stew":1,"minecraft:bone_meal":69,"minecraft:oak_trapdoor":2,"minecraft:flint_and_steel":2,"travelersbackpack:white_sleeping_bag":1,"minecraft:iron_axe":5,"minecraft:stone_pickaxe":6,"minecraft:diamond_boots":2,"minecraft:spruce_boat":2,"minecraft:dark_oak_planks":16,"minecraft:wheat":360,"minecraft:cooked_beef":2,"minecraft:diamond_sword":2,"minecraft:enchanting_table":1,"travelersbackpack:backpack_tank":2,"minecraft:iron_sword":2,"minecraft:bowl":4,"minecraft:bucket":5,"minecraft:stone_axe":7,"minecraft:bread":107,"minecraft:air":0,"minecraft:oak_boat":2,"minecraft:golden_apple":6,"minecraft:wooden_axe":1,"minecraft:iron_shovel":2,"minecraft:iron_leggings":6,"minecraft:white_bed":8,"minecraft:torch":364,"minecraft:diamond_chestplate":2},"minecraft:dropped":{"minecraft:iron_sword":2,"minecraft:lapis_lazuli":34,"minecraft:oak_log":32,"minecraft:glass_bottle":2,"minecraft:diamond":13,"minecraft:leather":2,"minecraft:dirt":4,"minecraft:polished_blackstone_pressure_plate":1,"aether:iron_pendant":3,"minecraft:gold_nugget":3,"minecraft:iron_pickaxe":2,"minecraft:white_wool":2,"minecraft:cyan_carpet":1,"minecraft:gold_ingot":3,"minecraft:gravel":1,"minecraft:stone_axe":2,"minecraft:cobbled_deepslate":1,"minecraft:netherite_sword":1,"minecraft:wheat":4,"minecraft:rotten_flesh":44,"minecraft:oak_planks":23,"minecraft:cooked_mutton":22,"minecraft:quartz_bricks":5,"aether:ambrosium_shard":1,"minecraft:gunpowder":3,"minecraft:arrow":48,"minecraft:water_bucket":2,"minecraft:golden_boots":1,"minecraft:iron_ingot":1,"minecraft:bread":16,"minecraft:wheat_seeds":14,"securitycraft:blacklist_module":1,"minecraft:iron_helmet":3,"minecraft:feather":2,"minecraft:cobblestone":5,"minecraft:stick":7,"minecraft:gray_wool":3,"minecraft:torch":1,"minecraft:diamond_helmet":1,"minecraft:iron_axe":1,"minecraft:string":9,"minecraft:dandelion":3,"minecraft:coarse_dirt":3,"minecraft:stone_sword":1,"minecraft:bowl":1,"minecraft:light_gray_wool":2,"minecraft:iron_boots":1,"minecraft:flint_and_steel":1,"minecraft:filled_map":1,"minecraft:diamond_sword":1,"minecraft:shield":5,"aether:chainmail_gloves":1,"minecraft:spruce_planks":34,"minecraft:iron_chestplate":4,"minecraft:diamond_pickaxe":1,"minecraft:spider_eye":2,"minecraft:stone_pickaxe":1,"minecraft:wooden_pickaxe":2,"minecraft:raw_gold":3}},"DataVersion":3465}