{"stats":{"minecraft:dropped":{"minecraft:stone_pickaxe":1},"minecraft:killed_by":{"minecraft:skeleton":1},"minecraft:mined":{"minecraft:acacia_leaves":5,"minecraft:white_bed":1,"minecraft:crafting_table":4,"minecraft:acacia_log":8,"minecraft:grass_block":10,"minecraft:tall_grass":4,"minecraft:cobblestone":4,"minecraft:moss_block":2,"minecraft:furnace":2,"minecraft:grass":4,"minecraft:oak_log":7,"minecraft:coal_ore":6,"minecraft:sand":2,"minecraft:dirt":13,"minecraft:stone":33,"minecraft:oak_leaves":7},"minecraft:used":{"minecraft:cooked_mutton":3,"minecraft:stone_sword":13,"minecraft:stone_pickaxe":23,"minecraft:oak_planks":7,"minecraft:wooden_pickaxe":22,"minecraft:rotten_flesh":2,"minecraft:salmon":1,"minecraft:dirt":6,"minecraft:sand":2,"minecraft:crafting_table":4,"minecraft:white_bed":1,"minecraft:stone_axe":25,"minecraft:cobblestone":9,"minecraft:furnace":2},"minecraft:crafted":{"minecraft:oak_planks":24,"minecraft:crafting_table":1,"minecraft:wooden_pickaxe":1,"minecraft:furnace":1,"minecraft:stone_axe":1,"minecraft:cooked_mutton":2,"minecraft:stick":8,"minecraft:stone_pickaxe":1,"minecraft:stone_sword":1,"minecraft:white_bed":1},"minecraft:killed":{"minecraft:salmon":1,"minecraft:spider":1,"minecraft:skeleton":1,"minecraft:sheep":5,"minecraft:zombie":1},"minecraft:picked_up":{"minecraft:crafting_table":6,"minecraft:salmon":1,"minecraft:wooden_pickaxe":1,"minecraft:oak_log":8,"minecraft:string":1,"minecraft:dirt":45,"minecraft:moss_carpet":3,"minecraft:cooked_mutton":5,"minecraft:acacia_planks":17,"minecraft:wheat_seeds":3,"minecraft:stone_pickaxe":3,"minecraft:moss_block":2,"minecraft:oak_planks":24,"minecraft:furnace":2,"minecraft:stick":4,"minecraft:raw_iron":2,"minecraft:acacia_log":16,"minecraft:porkchop":7,"minecraft:sand":2,"minecraft:white_bed":1,"minecraft:stone_sword":2,"minecraft:arrow":2,"minecraft:rotten_flesh":3,"minecraft:stone_axe":2,"minecraft:gray_wool":1,"minecraft:oak_sapling":1,"minecraft:mutton":9,"minecraft:coal":34,"minecraft:white_wool":5,"minecraft:cobblestone":53},"minecraft:custom":{"minecraft:interact_with_furnace":3,"minecraft:mob_kills":9,"minecraft:interact_with_crafting_table":6,"minecraft:leave_game":3,"minecraft:time_since_death":20434,"minecraft:sleep_in_bed":2,"minecraft:climb_one_cm":19759,"minecraft:time_since_rest":4105,"minecraft:sprint_one_cm":51893,"minecraft:damage_taken":390,"minecraft:walk_one_cm":77709,"minecraft:drop":1,"minecraft:damage_dealt":899,"minecraft:swim_one_cm":2112,"minecraft:fly_one_cm":63604,"minecraft:crouch_one_cm":3512,"minecraft:play_time":27656,"minecraft:deaths":1,"minecraft:sneak_time":834,"minecraft:walk_under_water_one_cm":4313,"minecraft:jump":510,"minecraft:walk_on_water_one_cm":284,"minecraft:total_world_time":27656,"minecraft:fall_one_cm":11934}},"DataVersion":3465}