{"stats":{"minecraft:used":{"minecraft:cooked_mutton":3,"minecraft:stone_sword":37,"minecraft:stone_pickaxe":56,"minecraft:oak_planks":7,"minecraft:wooden_pickaxe":81,"minecraft:rotten_flesh":7,"minecraft:salmon":1,"minecraft:torch":3,"minecraft:dirt":54,"minecraft:sand":2,"minecraft:crafting_table":8,"minecraft:white_bed":2,"minecraft:stone_axe":32,"minecraft:cobblestone":9,"minecraft:furnace":3,"minecraft:oak_sapling":2,"minecraft:andesite":5,"minecraft:acacia_planks":1,"minecraft:cooked_beef":3,"minecraft:coarse_dirt":1},"minecraft:dropped":{"minecraft:wheat_seeds":1,"minecraft:oak_sapling":1,"minecraft:stone_pickaxe":1},"minecraft:broken":{"minecraft:wooden_pickaxe":1},"minecraft:custom":{"minecraft:interact_with_furnace":14,"minecraft:mob_kills":18,"minecraft:interact_with_crafting_table":20,"minecraft:leave_game":5,"minecraft:time_since_death":3813,"minecraft:sleep_in_bed":3,"minecraft:climb_one_cm":19759,"minecraft:time_since_rest":3850,"minecraft:sprint_one_cm":145150,"minecraft:damage_taken":3870,"minecraft:walk_one_cm":166280,"minecraft:drop":3,"minecraft:damage_dealt":2330,"minecraft:swim_one_cm":5613,"minecraft:fly_one_cm":185203,"minecraft:crouch_one_cm":5707,"minecraft:play_time":69247,"minecraft:deaths":12,"minecraft:sneak_time":1665,"minecraft:walk_under_water_one_cm":4466,"minecraft:jump":1422,"minecraft:walk_on_water_one_cm":368,"minecraft:total_world_time":69247,"minecraft:fall_one_cm":39136},"minecraft:picked_up":{"minecraft:crafting_table":8,"minecraft:coarse_dirt":1,"minecraft:salmon":1,"minecraft:andesite":5,"minecraft:leather":5,"minecraft:wooden_pickaxe":2,"minecraft:oak_log":19,"minecraft:dirt":83,"minecraft:string":1,"minecraft:moss_carpet":4,"minecraft:cooked_mutton":5,"minecraft:bone":4,"minecraft:acacia_planks":18,"minecraft:wheat_seeds":10,"minecraft:stone_pickaxe":5,"minecraft:beef":7,"minecraft:moss_block":2,"minecraft:acacia_sapling":3,"minecraft:oak_planks":41,"minecraft:furnace":3,"minecraft:stick":11,"minecraft:raw_iron":2,"minecraft:acacia_log":23,"minecraft:porkchop":7,"minecraft:sand":2,"minecraft:white_bed":2,"minecraft:stone_sword":4,"minecraft:arrow":3,"minecraft:rotten_flesh":12,"minecraft:stone_axe":4,"minecraft:gray_wool":1,"minecraft:oak_sapling":6,"minecraft:mutton":9,"minecraft:coal":46,"minecraft:white_wool":5,"minecraft:cobblestone":181},"minecraft:killed_by":{"minecraft:skeleton":6,"minecraft:creeper":2,"minecraft:witch":1,"minecraft:zombie":2},"minecraft:mined":{"minecraft:acacia_leaves":15,"minecraft:white_bed":2,"minecraft:crafting_table":7,"minecraft:acacia_log":11,"minecraft:grass_block":12,"minecraft:dead_bush":4,"minecraft:tall_grass":23,"minecraft:cobblestone":4,"minecraft:moss_block":2,"minecraft:coarse_dirt":1,"minecraft:furnace":3,"minecraft:andesite":5,"minecraft:grass":27,"minecraft:oak_log":16,"minecraft:coal_ore":16,"minecraft:sand":2,"minecraft:dirt":26,"minecraft:acacia_planks":1,"minecraft:stone":106,"minecraft:oak_leaves":37},"minecraft:crafted":{"minecraft:cooked_beef":7,"minecraft:oak_planks":52,"minecraft:crafting_table":3,"minecraft:wooden_pickaxe":2,"minecraft:furnace":2,"minecraft:stone_axe":3,"minecraft:cooked_mutton":2,"minecraft:air":0,"minecraft:shield":1,"minecraft:stick":20,"minecraft:iron_ingot":5,"minecraft:stone_pickaxe":3,"minecraft:stone_sword":2,"minecraft:white_bed":1,"minecraft:torch":8},"minecraft:killed":{"minecraft:salmon":1,"minecraft:spider":1,"minecraft:skeleton":2,"minecraft:sheep":5,"minecraft:zombie":5,"minecraft:cow":4}},"DataVersion":3465}