{"stats":{"minecraft:dropped":{"minecraft:stone_pickaxe":1},"minecraft:killed_by":{"minecraft:skeleton":1},"minecraft:mined":{"minecraft:acacia_leaves":1,"minecraft:furnace":1,"minecraft:crafting_table":2,"minecraft:coal_ore":6,"minecraft:grass":4,"minecraft:acacia_log":8,"minecraft:grass_block":5,"minecraft:oak_log":7,"minecraft:dirt":13,"minecraft:sand":2,"minecraft:cobblestone":4,"minecraft:tall_grass":3,"minecraft:stone":33,"minecraft:moss_block":2,"minecraft:oak_leaves":2},"minecraft:used":{"minecraft:cooked_mutton":1,"minecraft:stone_sword":7,"minecraft:stone_pickaxe":22,"minecraft:wooden_pickaxe":22,"minecraft:rotten_flesh":2,"minecraft:salmon":1,"minecraft:stone_axe":20,"minecraft:dirt":3,"minecraft:sand":2,"minecraft:cobblestone":9,"minecraft:crafting_table":3,"minecraft:furnace":2},"minecraft:crafted":{"minecraft:oak_planks":24,"minecraft:crafting_table":1,"minecraft:stick":8,"minecraft:wooden_pickaxe":1,"minecraft:stone_pickaxe":1,"minecraft:furnace":1,"minecraft:stone_sword":1,"minecraft:stone_axe":1,"minecraft:cooked_mutton":2},"minecraft:killed":{"minecraft:sheep":5,"minecraft:skeleton":1,"minecraft:salmon":1},"minecraft:picked_up":{"minecraft:stick":2,"minecraft:crafting_table":3,"minecraft:salmon":1,"minecraft:wooden_pickaxe":1,"minecraft:acacia_log":16,"minecraft:sand":2,"minecraft:oak_log":7,"minecraft:dirt":27,"minecraft:moss_carpet":2,"minecraft:stone_sword":1,"minecraft:arrow":2,"minecraft:rotten_flesh":2,"minecraft:stone_axe":1,"minecraft:stone_pickaxe":2,"minecraft:gray_wool":1,"minecraft:moss_block":2,"minecraft:mutton":9,"minecraft:oak_planks":24,"minecraft:coal":6,"minecraft:white_wool":5,"minecraft:cobblestone":49,"minecraft:furnace":1},"minecraft:custom":{"minecraft:time_since_rest":13696,"minecraft:interact_with_furnace":3,"minecraft:sprint_one_cm":35794,"minecraft:damage_taken":340,"minecraft:walk_one_cm":55560,"minecraft:mob_kills":7,"minecraft:drop":1,"minecraft:damage_dealt":678,"minecraft:swim_one_cm":2112,"minecraft:interact_with_crafting_table":5,"minecraft:fly_one_cm":45847,"minecraft:crouch_one_cm":1720,"minecraft:play_time":20876,"minecraft:deaths":1,"minecraft:sneak_time":467,"minecraft:walk_under_water_one_cm":4313,"minecraft:jump":357,"minecraft:leave_game":2,"minecraft:walk_on_water_one_cm":284,"minecraft:time_since_death":13654,"minecraft:climb_one_cm":19759,"minecraft:total_world_time":20876,"minecraft:fall_one_cm":7928}},"DataVersion":3465}