{"stats":{"minecraft:used":{"minecraft:cooked_mutton":12,"minecraft:stone_sword":64,"minecraft:stone_pickaxe":83,"minecraft:oak_planks":12,"minecraft:shield":13,"minecraft:wooden_pickaxe":81,"minecraft:stone_hoe":102,"minecraft:cooked_chicken":6,"minecraft:rotten_flesh":7,"minecraft:salmon":1,"minecraft:torch":45,"minecraft:dirt":59,"minecraft:sand":2,"minecraft:crafting_table":13,"minecraft:white_bed":3,"travelersbackpack:white_sleeping_bag":1,"minecraft:stone_axe":108,"minecraft:light_gray_wool":1,"minecraft:cobblestone":9,"minecraft:furnace":6,"minecraft:oak_sapling":3,"minecraft:cooked_porkchop":3,"minecraft:andesite":6,"minecraft:egg":1,"minecraft:acacia_planks":1,"minecraft:cooked_beef":3,"minecraft:coarse_dirt":1},"minecraft:dropped":{"minecraft:wheat_seeds":2,"minecraft:cooked_chicken":1,"minecraft:oak_log":12,"minecraft:cooked_mutton":10,"minecraft:tropical_fish":1,"travelersbackpack:white_sleeping_bag":1,"minecraft:oak_sapling":1,"minecraft:stone_pickaxe":2},"minecraft:broken":{"minecraft:wooden_pickaxe":1},"minecraft:custom":{"minecraft:interact_with_furnace":40,"minecraft:mob_kills":29,"minecraft:interact_with_crafting_table":31,"minecraft:leave_game":5,"minecraft:time_since_death":5309,"minecraft:sleep_in_bed":5,"minecraft:climb_one_cm":19851,"minecraft:time_since_rest":5343,"minecraft:sprint_one_cm":279490,"minecraft:damage_taken":6463,"minecraft:walk_one_cm":244316,"minecraft:damage_blocked_by_shield":825,"minecraft:drop":10,"minecraft:damage_dealt":3826,"minecraft:swim_one_cm":10360,"minecraft:fly_one_cm":338976,"minecraft:crouch_one_cm":7099,"minecraft:play_time":105247,"minecraft:deaths":17,"minecraft:sneak_time":1992,"minecraft:walk_under_water_one_cm":4660,"minecraft:jump":2249,"minecraft:walk_on_water_one_cm":6499,"minecraft:total_world_time":105247,"minecraft:fall_one_cm":67500},"minecraft:picked_up":{"minecraft:crafting_table":10,"minecraft:coarse_dirt":1,"minecraft:clay_ball":16,"minecraft:glow_ink_sac":6,"minecraft:feather":2,"minecraft:chicken":3,"minecraft:salmon":1,"minecraft:andesite":6,"minecraft:brown_wool":3,"minecraft:leather":5,"minecraft:wooden_pickaxe":2,"minecraft:oak_log":297,"minecraft:shield":2,"minecraft:dirt":132,"minecraft:string":7,"minecraft:moss_carpet":8,"minecraft:cooked_mutton":43,"minecraft:bone":20,"minecraft:acacia_planks":18,"minecraft:wheat_seeds":14,"minecraft:iron_ingot":8,"minecraft:cooked_chicken":3,"minecraft:stone_pickaxe":10,"minecraft:beef":7,"minecraft:light_gray_wool":1,"minecraft:flowering_azalea":1,"minecraft:moss_block":8,"minecraft:sugar_cane":10,"minecraft:stone_hoe":3,"minecraft:acacia_sapling":11,"minecraft:oak_planks":53,"minecraft:egg":1,"minecraft:furnace":4,"minecraft:stick":15,"minecraft:raw_iron":22,"minecraft:big_dripleaf":2,"minecraft:torch":34,"minecraft:acacia_log":30,"minecraft:porkchop":12,"minecraft:sand":2,"minecraft:spruce_sapling":12,"minecraft:white_bed":3,"travelersbackpack:white_sleeping_bag":10,"minecraft:stone_sword":7,"minecraft:arrow":7,"minecraft:rotten_flesh":26,"minecraft:tropical_fish":2,"minecraft:stone_axe":5,"minecraft:gray_wool":1,"aether:white_cape":3,"minecraft:oak_sapling":8,"minecraft:black_wool":3,"minecraft:mutton":9,"minecraft:coal":116,"minecraft:white_wool":5,"minecraft:cobblestone":265},"minecraft:killed_by":{"minecraft:player":1,"minecraft:skeleton":10,"minecraft:creeper":2,"minecraft:witch":1,"minecraft:zombie":2},"minecraft:mined":{"minecraft:flowering_azalea":1,"minecraft:acacia_leaves":15,"minecraft:white_bed":3,"minecraft:crafting_table":9,"minecraft:acacia_log":18,"minecraft:grass_block":13,"minecraft:dead_bush":6,"travelersbackpack:white_sleeping_bag":3,"minecraft:tall_grass":26,"minecraft:cobblestone":4,"minecraft:spruce_leaves":120,"minecraft:sugar_cane":2,"minecraft:moss_block":2,"minecraft:big_dripleaf":1,"minecraft:coarse_dirt":1,"minecraft:furnace":4,"minecraft:iron_ore":13,"minecraft:andesite":5,"minecraft:grass":28,"minecraft:deepslate_iron_ore":2,"minecraft:oak_log":74,"minecraft:coal_ore":26,"minecraft:sand":2,"minecraft:dirt":26,"minecraft:acacia_planks":1,"minecraft:small_dripleaf":1,"minecraft:stone":106,"minecraft:oak_leaves":37},"minecraft:crafted":{"minecraft:cooked_beef":7,"minecraft:oak_planks":92,"minecraft:cooked_porkchop":3,"minecraft:crafting_table":6,"minecraft:cooked_chicken":6,"minecraft:wooden_pickaxe":2,"minecraft:furnace":4,"minecraft:stone_axe":4,"minecraft:cooked_mutton":20,"minecraft:air":0,"minecraft:iron_chestplate":1,"minecraft:shield":2,"minecraft:stick":44,"minecraft:iron_ingot":12,"minecraft:stone_pickaxe":4,"minecraft:stone_sword":3,"minecraft:white_bed":1,"minecraft:torch":92,"minecraft:stone_hoe":1},"minecraft:killed":{"minecraft:pig":3,"minecraft:salmon":1,"minecraft:spider":1,"minecraft:skeleton":3,"minecraft:sheep":5,"minecraft:zombie":10,"minecraft:chicken":2,"minecraft:cow":4}},"DataVersion":3465}