{"stats":{"minecraft:broken":{"aether:golden_gloves":2,"minecraft:iron_axe":1},"minecraft:dropped":{"minecraft:glow_ink_sac":8,"minecraft:gravel":17,"minecraft:stone_axe":3,"minecraft:nether_brick":15,"minecraft:rotten_flesh":107,"minecraft:acacia_sapling":1,"minecraft:basalt":2,"minecraft:wheat_seeds":12,"minecraft:dripstone_block":1,"minecraft:feather":1,"minecraft:iron_trapdoor":4,"minecraft:acacia_planks":8,"minecraft:smooth_basalt":10,"minecraft:coarse_dirt":1,"minecraft:stone_sword":3,"minecraft:diamond_sword":1,"minecraft:diamond_pickaxe":1,"minecraft:oak_sapling":2,"minecraft:bow":1,"minecraft:stone_pickaxe":1,"minecraft:magma_block":3},"minecraft:used":{"minecraft:chest":12,"minecraft:shield":56,"minecraft:iron_sword":19,"minecraft:rotten_flesh":3,"minecraft:brick_slab":1,"minecraft:acacia_sapling":1,"minecraft:tuff":7,"minecraft:jungle_sapling":16,"minecraft:bow":21,"minecraft:furnace":21,"minecraft:oak_sapling":3,"minecraft:gray_bed":13,"minecraft:egg":1,"minecraft:stone_pickaxe":111,"minecraft:oak_planks":1,"minecraft:blackstone":178,"minecraft:wooden_pickaxe":26,"minecraft:diamond_axe":331,"minecraft:sugar_cane":23,"minecraft:white_wool":1,"minecraft:golden_apple":1,"minecraft:blast_furnace":4,"minecraft:lectern":149,"minecraft:gravel":15,"minecraft:diamond_sword":277,"minecraft:grindstone":1,"minecraft:oak_boat":3,"minecraft:bone_meal":24,"minecraft:enchanting_table":1,"minecraft:stone_sword":35,"minecraft:flint_and_steel":10,"minecraft:redstone":1,"minecraft:torch":196,"minecraft:dirt":35,"minecraft:anvil":1,"minecraft:white_carpet":7,"minecraft:bookshelf":15,"minecraft:iron_axe":242,"minecraft:jungle_log":6,"minecraft:smooth_basalt":3,"minecraft:cooked_beef":14,"minecraft:cobbled_deepslate":9,"minecraft:quartz_bricks":6,"minecraft:cooked_mutton":24,"minecraft:water_bucket":19,"minecraft:baked_potato":9,"minecraft:fletching_table":10,"minecraft:polished_blackstone_bricks":2,"minecraft:gilded_blackstone":2,"minecraft:crafting_table":15,"minecraft:birch_sign":1,"minecraft:white_bed":6,"minecraft:diamond_pickaxe":898,"minecraft:black_wool":1,"minecraft:chicken":3,"minecraft:iron_pickaxe":41,"minecraft:stone_axe":76,"minecraft:cobblestone":8,"minecraft:cooked_porkchop":26,"minecraft:bucket":24},"minecraft:killed":{"minecraft:spider":8,"minecraft:skeleton":22,"minecraft:chicken":3,"minecraft:piglin_brute":1,"minecraft:piglin":3,"minecraft:pig":13,"minecraft:zombie_villager":1,"minecraft:creeper":2,"minecraft:sheep":10,"minecraft:zombie":25,"minecraft:ghast":2,"minecraft:glow_squid":1,"minecraft:cow":8,"minecraft:blaze":32,"minecraft:wither_skeleton":1},"minecraft:mined":{"minecraft:white_bed":3,"minecraft:jungle_leaves":91,"minecraft:obsidian":4,"minecraft:acacia_log":75,"minecraft:grass_block":5,"minecraft:jungle_log":289,"minecraft:gilded_blackstone":1,"minecraft:polished_blackstone_bricks":1,"minecraft:magma_block":3,"minecraft:raw_iron_block":1,"minecraft:iron_ore":6,"minecraft:fire":18,"minecraft:fletching_table":8,"minecraft:deepslate_lapis_ore":6,"minecraft:anvil":1,"minecraft:enchanting_table":1,"minecraft:pointed_dripstone":4,"minecraft:birch_wall_sign":1,"minecraft:azalea":1,"minecraft:deepslate_redstone_ore":4,"minecraft:blackstone":378,"minecraft:soul_fire":2,"minecraft:torch":4,"minecraft:blast_furnace":5,"minecraft:chest":4,"minecraft:dead_bush":1,"minecraft:nether_quartz_ore":42,"minecraft:cobblestone":16,"minecraft:grindstone":1,"minecraft:sugar_cane":3,"minecraft:wall_torch":3,"minecraft:grass":47,"minecraft:oak_log":19,"minecraft:dirt":14,"minecraft:smooth_basalt":23,"minecraft:stonecutter":1,"minecraft:netherrack":9,"minecraft:oak_leaves":39,"minecraft:deepslate":17,"minecraft:nether_gold_ore":21,"minecraft:tuff":50,"minecraft:deepslate_diamond_ore":39,"minecraft:redstone_wire":1,"minecraft:moss_block":1,"minecraft:furnace":14,"minecraft:bookshelf":5,"minecraft:deepslate_iron_ore":89,"minecraft:vine":17,"minecraft:stone":142,"minecraft:white_wool":2,"minecraft:smithing_table":1,"minecraft:birch_stairs":1,"minecraft:acacia_leaves":9,"minecraft:basalt":1,"minecraft:spruce_door":1,"minecraft:crafting_table":11,"minecraft:andesite_slab":1,"minecraft:lectern":146,"minecraft:tall_grass":30,"minecraft:quartz_bricks":33,"minecraft:lapis_ore":1,"minecraft:deepslate_gold_ore":74,"minecraft:brick_slab":1,"minecraft:gray_bed":13,"minecraft:white_carpet":7,"minecraft:coal_ore":71,"minecraft:gravel":17,"minecraft:dripstone_block":1,"minecraft:cobweb":1,"minecraft:cracked_stone_bricks":3,"minecraft:iron_trapdoor":2,"minecraft:birch_fence":1,"minecraft:fern":7},"minecraft:picked_up":{"minecraft:iron_chestplate":4,"minecraft:iron_trapdoor":4,"minecraft:anvil":1,"minecraft:smithing_table":1,"minecraft:diamond_sword":3,"minecraft:enchanted_book":4,"minecraft:gilded_blackstone":2,"minecraft:nether_brick":30,"minecraft:string":49,"minecraft:soul_soil":1,"minecraft:iron_leggings":1,"minecraft:diamond_leggings":1,"minecraft:gold_nugget":76,"minecraft:cobbled_deepslate":39,"minecraft:bucket":1,"minecraft:netherite_upgrade_smithing_template":2,"minecraft:azalea":1,"minecraft:iron_pickaxe":2,"minecraft:coal_block":1,"minecraft:iron_boots":3,"minecraft:furnace":14,"minecraft:stick":40,"minecraft:torch":64,"minecraft:acacia_log":252,"minecraft:porkchop":23,"minecraft:pointed_dripstone":20,"aether:golden_gloves":2,"minecraft:stone_sword":6,"minecraft:rotten_flesh":151,"minecraft:iron_block":16,"minecraft:blaze_rod":45,"minecraft:obsidian":4,"minecraft:cobblestone":327,"minecraft:enchanting_table":2,"minecraft:magma_block":3,"minecraft:feather":4,"minecraft:cooked_beef":7,"minecraft:water_bucket":4,"minecraft:jungle_log":284,"minecraft:flint":1,"minecraft:tuff":112,"minecraft:dirt":191,"travelersbackpack:gold_tier_upgrade":1,"minecraft:lapis_lazuli":207,"minecraft:name_tag":4,"minecraft:bone":44,"minecraft:acacia_planks":14,"minecraft:stonecutter":1,"minecraft:bow":6,"minecraft:wheat_seeds":25,"minecraft:raw_gold":145,"minecraft:grindstone":1,"minecraft:diamond_helmet":1,"minecraft:fletching_table":8,"minecraft:oak_planks":90,"minecraft:cooked_porkchop":33,"minecraft:sand":10,"minecraft:spectral_arrow":60,"minecraft:quartz_bricks":47,"minecraft:snout_armor_trim_smithing_template":2,"minecraft:diamond":73,"minecraft:emerald":18,"minecraft:oak_sapling":10,"minecraft:netherrack":8,"minecraft:andesite_slab":2,"minecraft:diamond_pickaxe":3,"minecraft:charcoal":52,"minecraft:crafting_table":15,"minecraft:coarse_dirt":4,"minecraft:chicken":3,"minecraft:wooden_pickaxe":6,"minecraft:shield":7,"minecraft:iron_axe":2,"minecraft:flint_and_steel":1,"minecraft:white_carpet":7,"minecraft:birch_fence":1,"minecraft:blackstone":815,"minecraft:cracked_stone_bricks":3,"minecraft:beef":15,"minecraft:oak_boat":3,"minecraft:jungle_sapling":18,"minecraft:iron_nugget":42,"minecraft:lectern":146,"minecraft:sugar_cane":44,"minecraft:chest":4,"minecraft:egg":4,"minecraft:raw_iron":145,"minecraft:fire_charge":6,"minecraft:polished_blackstone_bricks":3,"minecraft:redstone":55,"minecraft:diamond_chestplate":1,"minecraft:arrow":52,"minecraft:nether_bricks":28,"minecraft:diamond_boots":1,"minecraft:saddle":1,"minecraft:gold_ingot":15,"minecraft:mutton":19,"minecraft:white_wool":38,"minecraft:bone_block":6,"minecraft:basalt":3,"minecraft:glow_ink_sac":8,"minecraft:leather":68,"minecraft:oak_log":19,"minecraft:gunpowder":3,"minecraft:birch_pressure_plate":1,"minecraft:cooked_mutton":19,"minecraft:apple":1,"minecraft:iron_ingot":92,"minecraft:stone_pickaxe":3,"minecraft:gray_bed":13,"minecraft:soul_sand":10,"minecraft:iron_sword":2,"minecraft:acacia_sapling":3,"minecraft:book":88,"minecraft:smooth_basalt":24,"minecraft:quartz":108,"minecraft:raw_iron_block":1,"minecraft:dripstone_block":5,"minecraft:gravel":32,"minecraft:birch_stairs":1,"minecraft:blast_furnace":13,"minecraft:white_bed":2,"minecraft:spider_eye":1,"minecraft:brick_slab":1,"minecraft:stone_axe":6,"minecraft:iron_helmet":1,"minecraft:birch_sign":2,"minecraft:black_wool":4,"minecraft:coal":151},"minecraft:crafted":{"minecraft:oak_planks":76,"minecraft:smooth_stone":9,"minecraft:stone":12,"minecraft:bookshelf":18,"minecraft:cooked_mutton":14,"minecraft:diamond_helmet":1,"minecraft:diamond_leggings":1,"minecraft:bow":1,"minecraft:iron_boots":1,"minecraft:chest":8,"minecraft:emerald":76,"minecraft:cooked_porkchop":9,"minecraft:diamond_axe":1,"minecraft:crafting_table":5,"minecraft:acacia_slab":24,"minecraft:wooden_pickaxe":1,"minecraft:iron_helmet":1,"minecraft:fletching_table":2,"minecraft:lectern":3,"minecraft:paper":24,"minecraft:charcoal":57,"minecraft:diamond_pickaxe":1,"minecraft:shield":3,"minecraft:stick":2064,"minecraft:iron_ingot":149,"minecraft:iron_pickaxe":3,"minecraft:iron_block":12,"minecraft:stone_sword":1,"minecraft:gold_ingot":74,"minecraft:raw_iron":9,"minecraft:furnace":13,"minecraft:blast_furnace":4,"minecraft:bone_meal":24,"minecraft:white_carpet":3,"minecraft:flint_and_steel":1,"minecraft:iron_axe":1,"minecraft:stone_pickaxe":1,"minecraft:diamond_boots":1,"minecraft:cooked_beef":7,"minecraft:diamond_sword":1,"minecraft:enchanting_table":1,"minecraft:iron_sword":1,"minecraft:stone_axe":1,"minecraft:enchanted_book":8,"minecraft:air":0,"minecraft:jungle_planks":1112,"minecraft:iron_leggings":1,"minecraft:white_bed":2,"minecraft:acacia_planks":160,"minecraft:torch":200,"minecraft:diamond_chestplate":1},"minecraft:killed_by":{"minecraft:piglin_brute":1,"minecraft:creeper":1,"minecraft:skeleton":4},"minecraft:custom":{"minecraft:interact_with_crafting_table":61,"minecraft:leave_game":2,"minecraft:time_since_death":118486,"minecraft:sprint_one_cm":671528,"minecraft:damage_blocked_by_shield":3330,"minecraft:drop":80,"minecraft:talked_to_villager":201,"minecraft:play_time":280982,"minecraft:deaths":6,"minecraft:jump":4008,"minecraft:walk_on_water_one_cm":41480,"minecraft:enchant_item":12,"minecraft:interact_with_furnace":208,"minecraft:traded_with_villager":84,"minecraft:sleep_in_bed":11,"minecraft:damage_dealt":21567,"minecraft:crouch_one_cm":29703,"minecraft:mob_kills":134,"minecraft:interact_with_anvil":5,"minecraft:climb_one_cm":10883,"minecraft:walk_one_cm":732173,"minecraft:sneak_time":11247,"minecraft:walk_under_water_one_cm":16925,"minecraft:interact_with_blast_furnace":7,"minecraft:total_world_time":280982,"minecraft:interact_with_grindstone":4,"minecraft:time_since_rest":39775,"minecraft:damage_taken":6646,"minecraft:damage_absorbed":41,"minecraft:swim_one_cm":11052,"minecraft:fly_one_cm":556135,"minecraft:open_chest":191,"minecraft:fall_one_cm":86680}},"DataVersion":3465}