{"stats":{"minecraft:crafted":{"minecraft:oak_planks":12,"minecraft:stone_shovel":10,"minecraft:bone_meal":18,"minecraft:suspicious_stew":11,"minecraft:bamboo_block":378,"minecraft:iron_boots":1,"minecraft:spruce_slab":66,"minecraft:stone_pickaxe":1,"minecraft:chest":2,"minecraft:jungle_stairs":96,"minecraft:stone_hoe":1,"minecraft:wheat":270,"minecraft:oak_slab":6,"minecraft:crafting_table":2,"minecraft:spruce_planks":56,"minecraft:jungle_boat":1,"minecraft:wooden_pickaxe":2,"minecraft:bowl":4,"minecraft:bucket":2,"minecraft:stone_axe":5,"minecraft:bread":66,"minecraft:air":0,"minecraft:jungle_planks":304,"minecraft:iron_chestplate":1,"minecraft:charcoal":28,"minecraft:golden_apple":1,"minecraft:shield":1,"minecraft:stick":40,"minecraft:iron_pickaxe":1,"minecraft:stone_sword":7,"minecraft:iron_leggings":1,"minecraft:gold_ingot":9,"minecraft:composter":1,"minecraft:torch":48},"minecraft:custom":{"minecraft:mob_kills":31,"minecraft:interact_with_crafting_table":59,"minecraft:leave_game":6,"minecraft:time_since_death":267245,"minecraft:climb_one_cm":4016,"minecraft:sprint_one_cm":965287,"minecraft:walk_one_cm":868880,"minecraft:drop":24,"minecraft:talked_to_villager":2,"minecraft:play_time":267245,"minecraft:sneak_time":8889,"minecraft:walk_under_water_one_cm":8127,"minecraft:boat_one_cm":301836,"minecraft:jump":3493,"minecraft:walk_on_water_one_cm":18233,"minecraft:total_world_time":267245,"minecraft:interact_with_furnace":9,"minecraft:sleep_in_bed":18,"minecraft:time_since_rest":8731,"minecraft:damage_taken":327,"minecraft:damage_dealt":4819,"minecraft:swim_one_cm":43061,"minecraft:fly_one_cm":785475,"minecraft:open_chest":175,"minecraft:crouch_one_cm":23884,"minecraft:fall_one_cm":31517},"minecraft:picked_up":{"minecraft:cocoa_beans":10,"minecraft:crafting_table":6,"minecraft:azure_bluet":4,"minecraft:brown_mushroom":37,"minecraft:wooden_pickaxe":1,"minecraft:gold_block":1,"minecraft:brewing_stand":2,"minecraft:cornflower":6,"minecraft:pufferfish":1,"minecraft:spruce_planks":5,"minecraft:bucket":1,"minecraft:beef":52,"minecraft:jungle_sapling":6,"minecraft:poppy":2,"minecraft:spruce_slab":2,"minecraft:sugar_cane":553,"minecraft:egg":3,"minecraft:dark_oak_sapling":8,"minecraft:stick":15,"minecraft:torch":39,"minecraft:bowl":2,"minecraft:porkchop":1,"minecraft:rotten_flesh":3,"minecraft:arrow":2,"minecraft:jungle_stairs":6,"minecraft:hay_block":94,"minecraft:mutton":1,"minecraft:cobblestone":124,"minecraft:white_wool":1,"minecraft:oxeye_daisy":30,"minecraft:jungle_boat":4,"minecraft:andesite":2,"minecraft:jungle_log":66,"minecraft:leather":33,"minecraft:red_mushroom":45,"minecraft:oak_log":6,"minecraft:wooden_hoe":1,"minecraft:dirt":1251,"minecraft:orange_terracotta":2,"minecraft:bone":6,"minecraft:apple":2,"minecraft:kelp":7,"minecraft:wheat_seeds":45,"minecraft:iron_ingot":22,"minecraft:bamboo":3753,"minecraft:oak_slab":9,"minecraft:dandelion":33,"minecraft:jungle_planks":22,"minecraft:bamboo_raft":1,"minecraft:spruce_sapling":19,"minecraft:blast_furnace":1,"minecraft:white_bed":10,"minecraft:spruce_log":79,"minecraft:dark_oak_log":32,"minecraft:bone_meal":16,"minecraft:cherry_sapling":1,"minecraft:oak_sapling":2,"minecraft:coal":15},"minecraft:dropped":{"minecraft:water_bucket":1,"minecraft:iron_ingot":2,"minecraft:bread":18,"minecraft:cobblestone":1,"minecraft:oxeye_daisy":2,"minecraft:bone_meal":8,"minecraft:bucket":1,"minecraft:azure_bluet":2,"minecraft:suspicious_stew":3,"minecraft:wooden_pickaxe":1,"minecraft:egg":1},"minecraft:broken":{"minecraft:stone_sword":5,"minecraft:stone_hoe":1,"minecraft:stone_axe":3,"minecraft:stone_shovel":8},"minecraft:used":{"minecraft:stone_sword":368,"minecraft:spruce_slab":51,"minecraft:stone_shovel":1191,"minecraft:chest":2,"minecraft:spruce_planks":5,"minecraft:stone_hoe":131,"minecraft:torch":75,"minecraft:brewing_stand":2,"minecraft:dirt":257,"minecraft:jungle_planks":130,"minecraft:jungle_sapling":4,"minecraft:bamboo_raft":1,"minecraft:bamboo":437,"minecraft:egg":1,"minecraft:orange_terracotta":2,"minecraft:water_bucket":172,"minecraft:stone_pickaxe":29,"minecraft:wooden_pickaxe":30,"minecraft:brown_mushroom":5,"minecraft:composter":1,"minecraft:sugar_cane":417,"minecraft:jungle_boat":5,"minecraft:white_wool":1,"minecraft:oak_slab":5,"minecraft:crafting_table":8,"minecraft:blast_furnace":1,"minecraft:red_mushroom":3,"minecraft:white_bed":10,"minecraft:spruce_log":2,"minecraft:oak_log":1,"minecraft:suspicious_stew":8,"minecraft:iron_pickaxe":101,"minecraft:bread":38,"minecraft:jungle_stairs":99,"minecraft:spruce_sapling":8,"minecraft:stone_axe":488,"minecraft:cobblestone":36,"minecraft:bucket":174,"minecraft:bone_meal":27},"minecraft:mined":{"minecraft:spruce_planks":5,"minecraft:white_bed":11,"minecraft:dark_oak_leaves":126,"minecraft:jungle_leaves":31,"minecraft:dark_oak_log":32,"minecraft:brewing_stand":2,"minecraft:grass_block":759,"minecraft:jungle_planks":22,"minecraft:jungle_log":69,"minecraft:brown_mushroom_block":93,"minecraft:spruce_leaves":23,"minecraft:red_mushroom":7,"minecraft:oxeye_daisy":28,"minecraft:hay_block":94,"minecraft:andesite":2,"minecraft:azure_bluet":1,"minecraft:gold_block":1,"minecraft:vine":8,"minecraft:flowering_azalea_leaves":11,"minecraft:dirt_path":1,"minecraft:bamboo_sapling":5,"minecraft:azalea_leaves":31,"minecraft:bamboo":339,"minecraft:stone":94,"minecraft:spruce_slab":2,"minecraft:podzol":5,"minecraft:oak_slab":9,"minecraft:brown_mushroom":7,"minecraft:kelp_plant":1,"minecraft:orange_terracotta":2,"minecraft:dandelion":21,"minecraft:crafting_table":6,"minecraft:cornflower":4,"minecraft:torch":21,"minecraft:jungle_stairs":7,"minecraft:blast_furnace":1,"minecraft:poppy":1,"minecraft:mushroom_stem":15,"minecraft:tall_grass":56,"minecraft:cobblestone":30,"minecraft:sugar_cane":412,"minecraft:wall_torch":9,"minecraft:seagrass":1,"minecraft:spruce_log":79,"minecraft:yellow_bed":1,"minecraft:grass":262,"minecraft:oak_log":6,"minecraft:coal_ore":15,"minecraft:dirt":495,"minecraft:red_mushroom_block":132,"minecraft:oak_leaves":78,"minecraft:fern":1},"minecraft:killed":{"minecraft:pig":1,"minecraft:iron_golem":1,"minecraft:creeper":1,"minecraft:zombie":3,"minecraft:cow":25}},"DataVersion":3465}