{"stats":{"minecraft:used":{"minecraft:stone_shovel":135,"minecraft:stone_pickaxe":22,"minecraft:wooden_pickaxe":30,"minecraft:stone_hoe":116,"minecraft:jungle_boat":4,"minecraft:brewing_stand":1,"minecraft:dirt":20,"minecraft:crafting_table":6,"minecraft:blast_furnace":1,"minecraft:white_bed":5,"minecraft:bamboo_raft":1,"minecraft:bread":12,"minecraft:iron_pickaxe":8,"minecraft:jungle_stairs":5,"minecraft:spruce_sapling":4,"minecraft:bamboo":27,"minecraft:stone_axe":94,"minecraft:cobblestone":26,"minecraft:orange_terracotta":2},"minecraft:broken":{"minecraft:stone_shovel":1},"minecraft:crafted":{"minecraft:stone_shovel":3,"minecraft:crafting_table":1,"minecraft:jungle_boat":1,"minecraft:wooden_pickaxe":2,"minecraft:stone_axe":1,"minecraft:bread":45,"minecraft:jungle_planks":48,"minecraft:golden_apple":1,"minecraft:shield":1,"minecraft:stick":12,"minecraft:iron_pickaxe":1,"minecraft:stone_pickaxe":1,"minecraft:stone_sword":1,"minecraft:gold_ingot":9,"minecraft:jungle_stairs":16,"minecraft:stone_hoe":1,"minecraft:wheat":135},"minecraft:mined":{"minecraft:white_bed":5,"minecraft:brown_mushroom":4,"minecraft:kelp_plant":1,"minecraft:jungle_leaves":31,"minecraft:orange_terracotta":2,"minecraft:brewing_stand":2,"minecraft:crafting_table":5,"minecraft:jungle_stairs":1,"minecraft:blast_furnace":1,"minecraft:grass_block":95,"minecraft:jungle_log":48,"minecraft:cobblestone":16,"minecraft:spruce_leaves":21,"minecraft:sugar_cane":18,"minecraft:hay_block":94,"minecraft:seagrass":1,"minecraft:spruce_log":12,"minecraft:gold_block":1,"minecraft:grass":17,"minecraft:vine":6,"minecraft:dirt":43,"minecraft:stone":29,"minecraft:oak_leaves":72,"minecraft:fern":1},"minecraft:killed":{"minecraft:pig":1,"minecraft:iron_golem":1,"minecraft:cow":6},"minecraft:picked_up":{"minecraft:cocoa_beans":10,"minecraft:crafting_table":5,"minecraft:jungle_boat":4,"minecraft:jungle_log":48,"minecraft:leather":7,"minecraft:brown_mushroom":3,"minecraft:wooden_pickaxe":1,"minecraft:gold_block":1,"minecraft:brewing_stand":2,"minecraft:dirt":133,"minecraft:orange_terracotta":2,"minecraft:pufferfish":1,"minecraft:apple":1,"minecraft:kelp":7,"minecraft:wheat_seeds":2,"minecraft:beef":11,"minecraft:iron_ingot":15,"minecraft:jungle_sapling":5,"minecraft:poppy":1,"minecraft:bamboo":29,"minecraft:sugar_cane":48,"minecraft:stick":5,"minecraft:bamboo_raft":1,"minecraft:porkchop":1,"minecraft:spruce_sapling":4,"minecraft:blast_furnace":1,"minecraft:white_bed":5,"minecraft:spruce_log":12,"minecraft:jungle_stairs":1,"minecraft:hay_block":94,"minecraft:oak_sapling":2,"minecraft:cobblestone":45},"minecraft:dropped":{"minecraft:iron_ingot":2,"minecraft:bread":18,"minecraft:wooden_pickaxe":1},"minecraft:custom":{"minecraft:mob_kills":8,"minecraft:interact_with_crafting_table":15,"minecraft:time_since_death":65696,"minecraft:sleep_in_bed":5,"minecraft:climb_one_cm":3711,"minecraft:time_since_rest":2083,"minecraft:sprint_one_cm":214449,"minecraft:damage_taken":127,"minecraft:walk_one_cm":190794,"minecraft:drop":5,"minecraft:damage_dealt":2322,"minecraft:swim_one_cm":18951,"minecraft:talked_to_villager":1,"minecraft:fly_one_cm":179167,"minecraft:open_chest":9,"minecraft:crouch_one_cm":2199,"minecraft:play_time":65696,"minecraft:sneak_time":1419,"minecraft:walk_under_water_one_cm":6336,"minecraft:boat_one_cm":274851,"minecraft:jump":877,"minecraft:walk_on_water_one_cm":10501,"minecraft:total_world_time":65696,"minecraft:fall_one_cm":7774}},"DataVersion":3465}