{"stats":{"minecraft:picked_up":{"minecraft:iron_chestplate":4,"minecraft:flower_pot":3,"minecraft:iron_trapdoor":4,"minecraft:anvil":1,"minecraft:smithing_table":1,"minecraft:lead":2,"minecraft:diamond_sword":6,"minecraft:wither_rose":1,"minecraft:acacia_pressure_plate":1,"minecraft:enchanted_book":4,"minecraft:gilded_blackstone":2,"minecraft:nether_brick":30,"minecraft:string":50,"minecraft:soul_soil":1,"minecraft:iron_leggings":1,"minecraft:pufferfish":2,"minecraft:diamond_leggings":4,"minecraft:gold_nugget":76,"minecraft:cobbled_deepslate":39,"minecraft:bucket":1,"minecraft:netherite_upgrade_smithing_template":2,"minecraft:azalea":1,"minecraft:ender_eye":15,"minecraft:iron_pickaxe":2,"minecraft:enchanted_golden_apple":2,"minecraft:coal_block":1,"minecraft:furnace":14,"minecraft:iron_boots":3,"minecraft:stick":102,"minecraft:torch":101,"minecraft:acacia_log":284,"minecraft:porkchop":30,"minecraft:pointed_dripstone":20,"aether:golden_gloves":2,"minecraft:stone_sword":6,"minecraft:rotten_flesh":166,"minecraft:iron_block":16,"minecraft:netherite_chestplate":4,"minecraft:blaze_rod":45,"minecraft:obsidian":6,"minecraft:iron_bars":4,"minecraft:cobblestone":405,"minecraft:enchanting_table":2,"minecraft:magma_block":3,"minecraft:leather_chestplate":1,"minecraft:feather":4,"minecraft:cooked_beef":7,"minecraft:water_bucket":5,"minecraft:jungle_log":284,"minecraft:flint":1,"minecraft:tuff":112,"minecraft:netherite_leggings":3,"travelersbackpack:gold_tier_upgrade":1,"minecraft:lapis_lazuli":207,"minecraft:dirt":267,"minecraft:name_tag":4,"minecraft:bone":116,"minecraft:acacia_planks":23,"minecraft:stonecutter":1,"minecraft:bow":9,"minecraft:wheat_seeds":28,"minecraft:raw_gold":145,"minecraft:grindstone":2,"aether:cold_aercloud":2,"minecraft:diamond_helmet":4,"minecraft:fletching_table":8,"minecraft:moss_block":5,"minecraft:oak_planks":90,"minecraft:cooked_porkchop":33,"minecraft:jungle_planks":155,"minecraft:sand":10,"minecraft:spectral_arrow":64,"minecraft:quartz_bricks":268,"minecraft:snout_armor_trim_smithing_template":2,"minecraft:diamond":73,"minecraft:netherite_helmet":3,"minecraft:golden_apple":4,"minecraft:bread":117,"minecraft:emerald":18,"minecraft:oak_sapling":20,"minecraft:netherrack":8,"minecraft:andesite_slab":2,"minecraft:diamond_pickaxe":6,"aether:aechor_petal":2,"minecraft:charcoal":52,"minecraft:crafting_table":15,"minecraft:coarse_dirt":4,"minecraft:splash_potion":3,"minecraft:chicken":3,"minecraft:leather_leggings":1,"minecraft:wooden_pickaxe":6,"minecraft:chain":2,"minecraft:shield":10,"minecraft:moss_carpet":4,"minecraft:iron_axe":2,"minecraft:flint_and_steel":2,"minecraft:white_carpet":8,"minecraft:birch_fence":1,"minecraft:blackstone":1087,"minecraft:cracked_stone_bricks":9,"minecraft:beef":15,"minecraft:oak_boat":7,"minecraft:jungle_sapling":18,"minecraft:iron_nugget":42,"minecraft:poppy":1,"minecraft:lectern":330,"minecraft:sugar_cane":244,"minecraft:chest":4,"minecraft:egg":4,"minecraft:raw_iron":145,"minecraft:end_stone":5,"minecraft:fire_charge":6,"minecraft:polished_blackstone_bricks":3,"minecraft:redstone":55,"minecraft:diamond_chestplate":4,"minecraft:arrow":98,"minecraft:nether_bricks":28,"minecraft:diamond_boots":4,"minecraft:saddle":1,"minecraft:gold_ingot":76,"minecraft:mutton":19,"minecraft:white_wool":38,"minecraft:bone_block":6,"minecraft:netherite_boots":3,"minecraft:basalt":3,"minecraft:glow_ink_sac":8,"minecraft:leather":72,"minecraft:oak_log":96,"minecraft:gunpowder":10,"minecraft:birch_pressure_plate":1,"minecraft:cooked_mutton":19,"minecraft:apple":7,"minecraft:stone_bricks":6,"minecraft:iron_ingot":338,"minecraft:stone_pickaxe":3,"minecraft:gray_bed":13,"minecraft:soul_sand":10,"minecraft:acacia_sapling":5,"minecraft:iron_sword":2,"minecraft:book":88,"minecraft:smooth_basalt":24,"minecraft:sweet_berries":10,"minecraft:quartz":108,"minecraft:raw_iron_block":1,"minecraft:dripstone_block":5,"minecraft:gravel":32,"minecraft:birch_stairs":2,"minecraft:blast_furnace":13,"minecraft:white_bed":2,"minecraft:spruce_door":1,"minecraft:spider_eye":1,"minecraft:brick_slab":2,"minecraft:stone_axe":6,"minecraft:iron_helmet":1,"minecraft:diamond_axe":3,"minecraft:birch_sign":2,"minecraft:black_wool":4,"minecraft:coal":211,"minecraft:ender_pearl":2},"minecraft:killed":{"minecraft:spider":10,"minecraft:pufferfish":1,"minecraft:skeleton":29,"minecraft:chicken":3,"minecraft:axolotl":12,"minecraft:piglin_brute":1,"minecraft:piglin":3,"minecraft:pig":13,"minecraft:zombie_villager":1,"minecraft:iron_golem":1,"minecraft:creeper":6,"minecraft:sheep":10,"aether:zephyr":1,"minecraft:trader_llama":2,"minecraft:zombie":30,"minecraft:ghast":2,"minecraft:glow_squid":1,"minecraft:cow":8,"minecraft:blaze":32,"minecraft:husk":2,"minecraft:hoglin":3,"minecraft:wither_skeleton":6,"minecraft:villager":1,"minecraft:enderman":7},"minecraft:killed_by":{"minecraft:piglin_brute":1,"minecraft:creeper":3,"minecraft:pufferfish":1,"minecraft:player":37,"minecraft:enderman":2,"minecraft:ender_dragon":1,"minecraft:skeleton":4,"minecraft:wither":1},"minecraft:mined":{"minecraft:white_bed":3,"minecraft:jungle_leaves":91,"minecraft:obsidian":4,"minecraft:acacia_log":83,"minecraft:grass_block":6,"minecraft:jungle_log":289,"minecraft:gilded_blackstone":1,"minecraft:spawner":5,"minecraft:polished_blackstone_bricks":1,"minecraft:magma_block":3,"minecraft:raw_iron_block":1,"minecraft:iron_ore":6,"minecraft:fire":21,"minecraft:fletching_table":8,"minecraft:deepslate_lapis_ore":6,"minecraft:anvil":1,"minecraft:enchanting_table":1,"minecraft:pointed_dripstone":4,"minecraft:iron_bars":4,"minecraft:birch_wall_sign":1,"minecraft:azalea":1,"minecraft:deepslate_redstone_ore":4,"minecraft:blackstone":380,"minecraft:soul_fire":2,"minecraft:torch":4,"minecraft:blast_furnace":5,"minecraft:chest":4,"minecraft:dead_bush":1,"minecraft:nether_quartz_ore":42,"minecraft:cobblestone":17,"minecraft:grindstone":2,"minecraft:sugar_cane":35,"minecraft:wall_torch":3,"minecraft:chain":2,"minecraft:grass":57,"minecraft:oak_log":37,"minecraft:dirt":14,"minecraft:smooth_basalt":23,"minecraft:stonecutter":1,"minecraft:netherrack":9,"minecraft:oak_leaves":108,"minecraft:deepslate":17,"minecraft:nether_gold_ore":21,"minecraft:tuff":50,"minecraft:deepslate_diamond_ore":39,"minecraft:end_stone":6,"minecraft:redstone_wire":1,"minecraft:moss_block":1,"minecraft:furnace":14,"minecraft:bookshelf":5,"minecraft:deepslate_iron_ore":89,"minecraft:vine":17,"minecraft:stone":142,"minecraft:white_wool":2,"minecraft:smithing_table":1,"minecraft:birch_stairs":1,"minecraft:acacia_leaves":33,"minecraft:basalt":1,"minecraft:spruce_door":2,"minecraft:crafting_table":11,"minecraft:andesite_slab":1,"minecraft:lectern":330,"minecraft:stone_slab":2,"minecraft:tall_grass":42,"minecraft:quartz_bricks":51,"minecraft:lapis_ore":1,"minecraft:deepslate_gold_ore":74,"minecraft:brick_slab":2,"minecraft:gray_bed":15,"minecraft:white_carpet":8,"minecraft:coal_ore":71,"minecraft:gravel":17,"minecraft:dripstone_block":1,"minecraft:cracked_stone_bricks":4,"minecraft:cobweb":1,"minecraft:stone_bricks":3,"minecraft:iron_trapdoor":2,"minecraft:birch_fence":1,"minecraft:fern":8},"minecraft:dropped":{"minecraft:oak_log":18,"minecraft:glow_ink_sac":8,"minecraft:netherite_boots":3,"minecraft:gravel":17,"minecraft:stone_axe":3,"minecraft:nether_brick":15,"minecraft:netherite_sword":1,"aquamirae:coral_lance":1,"minecraft:rotten_flesh":107,"minecraft:enchanted_golden_apple":2,"minecraft:leather_chestplate":1,"minecraft:acacia_sapling":1,"twilightforest:triple_bow":1,"minecraft:leather_leggings":1,"minecraft:basalt":2,"minecraft:netherite_pickaxe":2,"minecraft:wheat_seeds":13,"minecraft:dripstone_block":1,"minecraft:netherite_axe":1,"minecraft:netherite_chestplate":4,"minecraft:netherite_helmet":3,"minecraft:feather":1,"minecraft:stick":16,"minecraft:iron_trapdoor":4,"minecraft:string":1,"minecraft:acacia_planks":8,"minecraft:smooth_basalt":10,"minecraft:coarse_dirt":1,"minecraft:stone_sword":3,"minecraft:netherite_leggings":3,"minecraft:diamond_sword":1,"minecraft:diamond_pickaxe":1,"minecraft:oak_sapling":2,"minecraft:stone_pickaxe":1,"minecraft:bow":1,"minecraft:magma_block":3},"minecraft:custom":{"minecraft:interact_with_crafting_table":66,"minecraft:open_barrel":4,"minecraft:leave_game":3,"minecraft:time_since_death":1927,"minecraft:damage_resisted":2843,"minecraft:sprint_one_cm":981445,"minecraft:damage_blocked_by_shield":3370,"minecraft:drop":108,"minecraft:talked_to_villager":456,"minecraft:play_time":456152,"minecraft:deaths":58,"minecraft:jump":6642,"minecraft:walk_on_water_one_cm":74134,"minecraft:enchant_item":12,"minecraft:interact_with_furnace":208,"minecraft:traded_with_villager":117,"minecraft:sleep_in_bed":15,"minecraft:damage_dealt":32670,"minecraft:player_kills":13,"minecraft:crouch_one_cm":33996,"minecraft:mob_kills":190,"minecraft:interact_with_anvil":34,"minecraft:climb_one_cm":13764,"minecraft:walk_one_cm":1104750,"minecraft:sneak_time":13526,"minecraft:walk_under_water_one_cm":52840,"minecraft:boat_one_cm":2700,"minecraft:interact_with_blast_furnace":7,"minecraft:total_world_time":456152,"minecraft:interact_with_grindstone":4,"minecraft:time_since_rest":1958,"minecraft:damage_absorbed":1950,"minecraft:damage_taken":30246,"minecraft:swim_one_cm":37001,"minecraft:fly_one_cm":1157647,"minecraft:open_chest":251,"minecraft:fall_one_cm":200675},"minecraft:used":{"minecraft:chest":12,"minecraft:shield":57,"minecraft:iron_sword":19,"minecraft:rotten_flesh":3,"minecraft:brick_slab":2,"minecraft:jungle_planks":4,"minecraft:acacia_sapling":1,"minecraft:tuff":7,"minecraft:obsidian":21,"minecraft:jungle_sapling":16,"minecraft:bow":94,"minecraft:oak_sapling":3,"minecraft:furnace":21,"minecraft:gray_bed":13,"minecraft:egg":1,"minecraft:spruce_door":1,"minecraft:stone_pickaxe":111,"minecraft:oak_planks":1,"minecraft:ender_pearl":3,"minecraft:blackstone":246,"minecraft:wooden_pickaxe":26,"minecraft:sugar_cane":55,"minecraft:diamond_axe":560,"minecraft:white_wool":1,"minecraft:golden_apple":3,"minecraft:blast_furnace":4,"minecraft:bread":28,"minecraft:lectern":335,"twilightforest:triple_bow":66,"minecraft:gravel":15,"minecraft:pufferfish":1,"minecraft:diamond_sword":381,"minecraft:grindstone":1,"minecraft:oak_boat":5,"minecraft:bone_meal":24,"minecraft:experience_bottle":343,"minecraft:netherite_sword":68,"minecraft:enchanting_table":1,"minecraft:stone_sword":35,"minecraft:flint_and_steel":10,"minecraft:redstone":1,"minecraft:torch":198,"minecraft:dirt":35,"minecraft:anvil":2,"minecraft:white_carpet":8,"aquamirae:coral_lance":74,"minecraft:bookshelf":15,"minecraft:iron_axe":242,"minecraft:acacia_slab":1,"minecraft:jungle_log":6,"aether:sheepuff_spawn_egg":2,"minecraft:smooth_basalt":3,"aether:aechor_plant_spawn_egg":2,"minecraft:cooked_beef":14,"minecraft:cobbled_deepslate":9,"minecraft:enchanted_golden_apple":13,"twilightforest:lich_tower_miniature_structure":7,"aether:zephyr_spawn_egg":1,"minecraft:quartz_bricks":7,"minecraft:cooked_mutton":24,"minecraft:water_bucket":73,"minecraft:baked_potato":32,"minecraft:fletching_table":10,"minecraft:polished_blackstone_bricks":2,"minecraft:gilded_blackstone":2,"minecraft:crafting_table":17,"minecraft:birch_sign":1,"minecraft:white_bed":6,"minecraft:ender_eye":16,"minecraft:diamond_pickaxe":945,"minecraft:black_wool":1,"minecraft:chicken":3,"minecraft:iron_pickaxe":41,"minecraft:netherite_axe":7,"minecraft:stone_axe":76,"minecraft:cobblestone":9,"minecraft:end_crystal":74,"minecraft:cooked_porkchop":26,"minecraft:bucket":78},"minecraft:broken":{"aether:golden_gloves":2,"minecraft:netherite_helmet":1,"minecraft:iron_axe":1},"minecraft:crafted":{"minecraft:oak_planks":80,"minecraft:smooth_stone":9,"minecraft:stone":12,"minecraft:bookshelf":20,"minecraft:cooked_mutton":14,"minecraft:diamond_helmet":1,"minecraft:bow":1,"minecraft:diamond_leggings":1,"minecraft:iron_boots":1,"minecraft:chest":8,"minecraft:emerald":98,"minecraft:cooked_porkchop":9,"minecraft:diamond_axe":1,"minecraft:crafting_table":7,"minecraft:acacia_slab":24,"minecraft:wooden_pickaxe":1,"minecraft:iron_helmet":1,"minecraft:fletching_table":2,"minecraft:lectern":5,"minecraft:paper":48,"minecraft:charcoal":57,"minecraft:diamond_pickaxe":1,"minecraft:shield":3,"minecraft:stick":2064,"minecraft:iron_ingot":149,"minecraft:iron_pickaxe":3,"minecraft:iron_block":12,"minecraft:stone_sword":1,"minecraft:gold_ingot":74,"minecraft:raw_iron":9,"minecraft:furnace":13,"minecraft:blast_furnace":4,"minecraft:bone_meal":24,"minecraft:white_carpet":3,"minecraft:flint_and_steel":1,"minecraft:iron_axe":1,"minecraft:stone_pickaxe":1,"minecraft:diamond_boots":1,"minecraft:cooked_beef":7,"minecraft:diamond_sword":1,"minecraft:enchanting_table":1,"minecraft:iron_sword":1,"minecraft:bucket":1,"minecraft:stone_axe":1,"minecraft:enchanted_book":10,"minecraft:bread":54,"minecraft:air":0,"minecraft:jungle_planks":1112,"minecraft:iron_leggings":1,"minecraft:white_bed":2,"minecraft:acacia_planks":160,"minecraft:torch":200,"minecraft:diamond_chestplate":1}},"DataVersion":3465}