{"stats":{"minecraft:crafted":{"minecraft:wooden_sword":1,"minecraft:oak_planks":132,"minecraft:raw_iron":9,"minecraft:furnace":6,"minecraft:mushroom_stew":1,"minecraft:bone_meal":63,"minecraft:cooked_mutton":16,"minecraft:flint_and_steel":2,"minecraft:diamond_helmet":1,"minecraft:iron_boots":1,"minecraft:iron_axe":1,"minecraft:stone_pickaxe":5,"minecraft:chest":4,"minecraft:spruce_boat":2,"minecraft:dark_oak_planks":16,"minecraft:wheat":171,"minecraft:cooked_beef":2,"minecraft:diamond_sword":1,"minecraft:cooked_porkchop":3,"minecraft:crafting_table":11,"minecraft:spruce_planks":136,"minecraft:wooden_pickaxe":4,"minecraft:iron_helmet":3,"minecraft:bowl":4,"minecraft:bucket":1,"minecraft:birch_planks":28,"minecraft:stone_axe":6,"minecraft:bread":66,"minecraft:air":0,"minecraft:wooden_hoe":1,"minecraft:diamond_pickaxe":1,"minecraft:charcoal":42,"minecraft:shield":1,"minecraft:stick":148,"minecraft:iron_ingot":2,"minecraft:wooden_axe":1,"minecraft:stone_sword":3,"minecraft:iron_leggings":1,"minecraft:white_bed":2,"minecraft:torch":164,"minecraft:diamond_chestplate":1},"minecraft:picked_up":{"minecraft:wooden_axe":1,"minecraft:wheat":27,"minecraft:birch_door":1,"minecraft:iron_chestplate":6,"minecraft:coarse_dirt":28,"minecraft:crafting_table":4,"minecraft:allium":1,"minecraft:chainmail_boots":1,"minecraft:chicken":24,"minecraft:ladder":11,"minecraft:rabbit_stew":1,"minecraft:diamond_sword":2,"minecraft:brown_mushroom":5,"minecraft:wooden_pickaxe":8,"aether:iron_gloves":9,"minecraft:wither_rose":7,"minecraft:enchanted_book":10,"minecraft:diamond_horse_armor":14,"minecraft:brewing_stand":1,"minecraft:shield":2,"minecraft:polished_deepslate_wall":1,"minecraft:polished_deepslate":2,"minecraft:iron_axe":1,"minecraft:string":18,"minecraft:dark_oak_trapdoor":16,"minecraft:flint_and_steel":2,"minecraft:wooden_sword":1,"minecraft:red_nether_bricks":6,"minecraft:iron_leggings":6,"minecraft:beetroot_soup":1,"minecraft:item_frame":3,"minecraft:cyan_carpet":51,"minecraft:beetroot":42,"minecraft:cobbled_deepslate":58,"minecraft:spruce_planks":75,"minecraft:eye_armor_trim_smithing_template":5,"minecraft:beef":42,"minecraft:calcite":24,"minecraft:light_gray_wool":2,"minecraft:lectern":2,"minecraft:melon_slice":15,"minecraft:sugar_cane":10,"minecraft:furnace":3,"minecraft:iron_boots":7,"minecraft:egg":3,"minecraft:tipped_arrow":4,"minecraft:stick":60,"minecraft:raw_iron":65,"minecraft:stripped_mangrove_wood":13,"minecraft:stone":295,"minecraft:torch":11,"minecraft:bowl":20,"minecraft:porkchop":12,"minecraft:diorite":3,"minecraft:carrot":58,"minecraft:redstone":2,"minecraft:iron_horse_armor":4,"minecraft:dark_oak_planks":8,"minecraft:brown_carpet":3,"minecraft:stone_sword":10,"minecraft:arrow":358,"minecraft:honey_bottle":1,"minecraft:light_gray_bed":1,"minecraft:rotten_flesh":152,"minecraft:jungle_stairs":3,"aether:chainmail_gloves":2,"minecraft:hay_block":19,"minecraft:stripped_dark_oak_wood":37,"minecraft:gold_ingot":112,"minecraft:mutton":25,"minecraft:skeleton_skull":7,"minecraft:white_wool":18,"minecraft:cobblestone":390,"minecraft:birch_log":7,"minecraft:feather":24,"minecraft:tripwire_hook":4,"minecraft:water_bucket":11,"minecraft:andesite":12,"minecraft:leather":35,"minecraft:chiseled_quartz_block":7,"minecraft:red_mushroom":3,"minecraft:potato":15,"minecraft:filled_map":3,"minecraft:mushroom_stew":3,"minecraft:flint":12,"minecraft:tuff":9,"minecraft:oak_log":135,"minecraft:golden_boots":2,"minecraft:gunpowder":4,"minecraft:wooden_hoe":2,"minecraft:lapis_lazuli":24,"minecraft:dirt":109,"minecraft:lantern":1,"minecraft:cooked_mutton":29,"minecraft:bone":80,"minecraft:apple":9,"minecraft:bow":2,"minecraft:wheat_seeds":95,"minecraft:raw_gold":19,"minecraft:iron_ingot":36,"minecraft:cooked_chicken":3,"minecraft:stone_pickaxe":15,"minecraft:cyan_candle":6,"minecraft:diamond_helmet":4,"minecraft:glass_bottle":4,"minecraft:oak_planks":147,"minecraft:book":6,"minecraft:sweet_berries":4,"minecraft:gravel":1,"minecraft:raw_iron_block":1,"minecraft:sand":70,"minecraft:amethyst_shard":30,"minecraft:spruce_sapling":4,"minecraft:spruce_log":131,"minecraft:white_bed":6,"minecraft:cyan_bed":12,"minecraft:dark_prismarine":7,"minecraft:diamond":59,"minecraft:spruce_boat":15,"minecraft:stone_axe":28,"minecraft:iron_helmet":3,"minecraft:golden_apple":16,"minecraft:emerald":12,"minecraft:bread":290,"minecraft:smooth_quartz_slab":7,"minecraft:coal":136,"minecraft:diamond_pickaxe":2,"minecraft:ender_pearl":2},"minecraft:broken":{"minecraft:stone_axe":3},"minecraft:used":{"minecraft:stone_sword":6,"minecraft:flint_and_steel":49,"minecraft:chest":4,"minecraft:spruce_planks":21,"minecraft:shield":36,"minecraft:stone":4,"minecraft:cooked_chicken":2,"minecraft:rotten_flesh":31,"minecraft:iron_chestplate":2,"minecraft:torch":165,"minecraft:dirt":25,"minecraft:carrot":3,"minecraft:diamond_helmet":1,"minecraft:tuff":2,"minecraft:dark_oak_planks":2,"minecraft:honey_bottle":2,"minecraft:spruce_boat":4,"minecraft:birch_door":1,"minecraft:wooden_axe":22,"minecraft:stripped_dark_oak_wood":5,"minecraft:iron_axe":106,"minecraft:lantern":1,"minecraft:iron_boots":2,"minecraft:item_frame":2,"minecraft:rabbit_stew":1,"minecraft:light_gray_wool":1,"minecraft:bow":62,"minecraft:beef":1,"minecraft:furnace":6,"minecraft:egg":1,"minecraft:potato":4,"minecraft:cooked_beef":2,"minecraft:cobbled_deepslate":23,"minecraft:beetroot_soup":1,"minecraft:iron_leggings":1,"minecraft:calcite":9,"minecraft:wheat_seeds":28,"minecraft:cooked_mutton":9,"minecraft:water_bucket":9,"minecraft:diorite":1,"minecraft:stone_pickaxe":113,"minecraft:wooden_pickaxe":92,"minecraft:sugar_cane":10,"minecraft:stripped_mangrove_wood":1,"minecraft:sand":8,"minecraft:crafting_table":14,"minecraft:mushroom_stew":3,"minecraft:white_bed":7,"minecraft:spruce_log":3,"minecraft:wooden_hoe":27,"minecraft:diamond_pickaxe":242,"minecraft:chicken":1,"minecraft:bread":88,"minecraft:cyan_bed":11,"minecraft:cyan_carpet":13,"minecraft:stone_axe":373,"minecraft:diamond_sword":191,"minecraft:wooden_sword":4,"minecraft:cobblestone":35,"minecraft:cooked_porkchop":3,"minecraft:bucket":11,"minecraft:wither_rose":1,"minecraft:coarse_dirt":1,"minecraft:bone_meal":63},"minecraft:killed_by":{"minecraft:husk":12,"minecraft:player":1,"minecraft:creeper":2,"minecraft:skeleton":18,"minecraft:zombie":2},"minecraft:killed":{"minecraft:witch":1,"minecraft:spider":2,"minecraft:skeleton":13,"minecraft:chicken":10,"minecraft:husk":50,"minecraft:pig":5,"minecraft:zombie_villager":1,"minecraft:iron_golem":1,"minecraft:creeper":2,"minecraft:sheep":14,"minecraft:zombie":44,"minecraft:ghast":5,"minecraft:stray":3,"minecraft:cow":9},"minecraft:mined":{"minecraft:tuff":9,"minecraft:spruce_planks":4,"minecraft:white_bed":5,"minecraft:deepslate_diamond_ore":15,"minecraft:cobblestone_stairs":1,"minecraft:grass_block":6,"minecraft:light_gray_bed":1,"minecraft:spruce_leaves":46,"minecraft:hay_block":19,"minecraft:spawner":3,"minecraft:large_fern":3,"minecraft:black_stained_glass_pane":2,"minecraft:raw_iron_block":1,"minecraft:furnace":3,"minecraft:dark_oak_trapdoor":4,"minecraft:iron_ore":2,"minecraft:fire":37,"minecraft:andesite":3,"minecraft:stripped_dark_oak_wood":11,"minecraft:deepslate_iron_ore":58,"minecraft:stripped_mangrove_wood":3,"minecraft:stone":224,"minecraft:podzol":1,"minecraft:brown_mushroom":15,"minecraft:soul_fire":23,"minecraft:chiseled_quartz_block":1,"minecraft:crafting_table":4,"minecraft:jungle_stairs":1,"minecraft:calcite":5,"minecraft:tall_grass":5,"minecraft:smooth_quartz_slab":1,"minecraft:cobblestone":9,"minecraft:deepslate_gold_ore":14,"minecraft:sugar_cane":10,"minecraft:cyan_bed":11,"minecraft:oak_planks":1,"minecraft:coarse_dirt":10,"minecraft:birch_log":7,"minecraft:wheat":27,"minecraft:spruce_log":70,"minecraft:birch_door":1,"minecraft:wither_rose":1,"minecraft:grass":10,"minecraft:oak_log":108,"minecraft:coal_ore":49,"minecraft:gravel":5,"minecraft:cyan_carpet":28,"minecraft:dirt":27,"minecraft:red_mushroom_block":6,"minecraft:oak_leaves":9,"minecraft:deepslate":24,"minecraft:cyan_candle":1,"minecraft:fern":10},"minecraft:custom":{"minecraft:mob_kills":165,"minecraft:interact_with_crafting_table":66,"minecraft:open_barrel":7,"minecraft:damage_dealt_resisted":191,"minecraft:eat_cake_slice":18,"minecraft:leave_game":6,"minecraft:time_since_death":18516,"minecraft:damage_resisted":184,"minecraft:climb_one_cm":27324,"minecraft:sprint_one_cm":814067,"minecraft:walk_one_cm":413558,"minecraft:damage_blocked_by_shield":2580,"minecraft:drop":49,"minecraft:talked_to_villager":3,"minecraft:play_time":240067,"minecraft:sneak_time":3978,"minecraft:deaths":37,"minecraft:walk_under_water_one_cm":23203,"minecraft:boat_one_cm":120327,"minecraft:jump":5469,"minecraft:interact_with_blast_furnace":2,"minecraft:walk_on_water_one_cm":29769,"minecraft:total_world_time":240067,"minecraft:interact_with_furnace":38,"minecraft:traded_with_villager":1,"minecraft:tune_noteblock":32,"minecraft:sleep_in_bed":14,"minecraft:time_since_rest":12029,"minecraft:damage_taken":16944,"minecraft:damage_dealt":37043,"minecraft:swim_one_cm":53074,"minecraft:fly_one_cm":924640,"minecraft:open_chest":61,"minecraft:crouch_one_cm":10187,"minecraft:fall_one_cm":131896},"minecraft:dropped":{"minecraft:lapis_lazuli":6,"minecraft:bread":16,"minecraft:wheat_seeds":2,"minecraft:glass_bottle":2,"minecraft:diamond":13,"minecraft:dirt":4,"minecraft:diamond_helmet":1,"minecraft:cyan_carpet":1,"minecraft:gravel":1,"minecraft:stone_axe":2,"minecraft:coarse_dirt":3,"minecraft:stone_sword":1,"minecraft:bowl":1,"minecraft:rotten_flesh":28,"minecraft:oak_planks":23,"minecraft:iron_boots":1,"minecraft:cooked_mutton":1,"minecraft:flint_and_steel":1,"minecraft:filled_map":1,"aether:chainmail_gloves":1,"minecraft:iron_chestplate":3,"minecraft:wooden_pickaxe":2,"minecraft:golden_boots":1}},"DataVersion":3465}