{"stats":{"minecraft:crafted":{"minecraft:grindstone":3,"minecraft:oak_planks":12,"minecraft:stone_shovel":10,"minecraft:furnace":3,"minecraft:stone":12,"minecraft:diamond_shovel":1,"minecraft:bone_meal":27,"minecraft:bookshelf":16,"minecraft:suspicious_stew":15,"minecraft:bamboo_block":378,"minecraft:bow":7,"minecraft:iron_boots":1,"minecraft:spruce_slab":66,"minecraft:stone_pickaxe":1,"minecraft:chest":2,"minecraft:diamond_boots":1,"minecraft:jungle_stairs":96,"minecraft:dark_oak_planks":68,"minecraft:stone_hoe":1,"minecraft:wheat":270,"minecraft:oak_slab":6,"minecraft:diamond_sword":1,"minecraft:arrow":64,"minecraft:emerald":151,"minecraft:diamond_axe":1,"minecraft:crafting_table":3,"minecraft:spruce_planks":100,"minecraft:enchanting_table":1,"minecraft:jungle_boat":1,"minecraft:wooden_pickaxe":2,"minecraft:iron_helmet":1,"minecraft:iron_sword":1,"minecraft:bowl":12,"minecraft:bucket":2,"minecraft:stone_axe":6,"minecraft:bread":90,"minecraft:air":0,"minecraft:jungle_planks":304,"minecraft:bamboo_planks":686,"minecraft:book":50,"minecraft:iron_chestplate":1,"minecraft:golden_apple":1,"minecraft:paper":186,"minecraft:charcoal":43,"minecraft:diamond_pickaxe":1,"minecraft:shield":1,"minecraft:stick":4865,"minecraft:stone_slab":6,"minecraft:iron_ingot":24,"minecraft:iron_pickaxe":2,"minecraft:stone_sword":12,"minecraft:gold_ingot":18,"minecraft:iron_leggings":1,"minecraft:composter":1,"minecraft:torch":232,"minecraft:diamond_chestplate":1},"minecraft:custom":{"minecraft:mob_kills":49,"minecraft:interact_with_crafting_table":97,"minecraft:leave_game":8,"minecraft:time_since_death":476378,"minecraft:climb_one_cm":4016,"minecraft:sprint_one_cm":1592840,"minecraft:walk_one_cm":1548908,"minecraft:damage_blocked_by_shield":1425,"minecraft:drop":42,"minecraft:talked_to_villager":59,"minecraft:play_time":476378,"minecraft:sneak_time":14797,"minecraft:walk_under_water_one_cm":22555,"minecraft:boat_one_cm":301836,"minecraft:jump":6570,"minecraft:walk_on_water_one_cm":50835,"minecraft:enchant_item":4,"minecraft:total_world_time":476378,"minecraft:interact_with_furnace":40,"minecraft:traded_with_villager":161,"minecraft:interact_with_grindstone":2,"minecraft:sleep_in_bed":35,"minecraft:time_since_rest":4030,"minecraft:damage_taken":396,"minecraft:damage_dealt":6393,"minecraft:swim_one_cm":51766,"minecraft:fly_one_cm":1391576,"minecraft:open_chest":354,"minecraft:crouch_one_cm":39112,"minecraft:fall_one_cm":66328},"minecraft:picked_up":{"minecraft:cocoa_beans":10,"minecraft:crafting_table":6,"minecraft:azure_bluet":6,"minecraft:brown_mushroom":50,"minecraft:wooden_pickaxe":1,"minecraft:gold_block":1,"minecraft:brewing_stand":2,"minecraft:cornflower":9,"minecraft:pufferfish":1,"minecraft:cobbled_deepslate":177,"minecraft:bucket":1,"minecraft:spruce_planks":5,"minecraft:beef":65,"minecraft:cobblestone_slab":19,"minecraft:jungle_sapling":6,"minecraft:poppy":5,"minecraft:spruce_slab":2,"minecraft:sugar_cane":1435,"minecraft:egg":5,"minecraft:dark_oak_sapling":8,"minecraft:stick":15,"minecraft:raw_iron":31,"minecraft:torch":90,"minecraft:bowl":2,"minecraft:bamboo_slab":1,"minecraft:porkchop":1,"minecraft:pointed_dripstone":8,"minecraft:redstone":4,"minecraft:arrow":11,"minecraft:rotten_flesh":14,"minecraft:jungle_stairs":6,"minecraft:hay_block":94,"minecraft:obsidian":14,"minecraft:mutton":1,"minecraft:white_wool":1,"minecraft:cobblestone":222,"minecraft:oxeye_daisy":47,"minecraft:enchanting_table":1,"minecraft:jungle_boat":4,"minecraft:andesite":6,"minecraft:jungle_log":66,"minecraft:leather":46,"minecraft:red_mushroom":58,"minecraft:yellow_bed":4,"minecraft:tuff":3,"minecraft:oak_log":6,"minecraft:gunpowder":5,"minecraft:lapis_lazuli":14,"minecraft:wooden_hoe":1,"minecraft:cherry_door":3,"minecraft:dirt":4318,"minecraft:orange_terracotta":2,"minecraft:bone":14,"minecraft:apple":2,"minecraft:kelp":7,"minecraft:grindstone":1,"minecraft:wheat_seeds":70,"minecraft:raw_gold":32,"minecraft:iron_ingot":22,"minecraft:bamboo":10180,"minecraft:oak_planks":2,"minecraft:oak_slab":11,"minecraft:dandelion":64,"minecraft:gravel":4,"minecraft:bamboo_raft":1,"minecraft:jungle_planks":22,"minecraft:spruce_sapling":19,"minecraft:blast_furnace":1,"minecraft:white_bed":17,"minecraft:spruce_log":79,"minecraft:dark_oak_log":32,"minecraft:diamond":17,"minecraft:bone_meal":16,"minecraft:cherry_sapling":1,"minecraft:golden_apple":1,"minecraft:oak_sapling":2,"minecraft:coal":50},"minecraft:dropped":{"minecraft:water_bucket":1,"minecraft:iron_ingot":2,"minecraft:bread":18,"minecraft:wheat_seeds":1,"minecraft:cobblestone":1,"minecraft:oxeye_daisy":2,"minecraft:dirt":65,"minecraft:bone_meal":8,"minecraft:bucket":1,"minecraft:gravel":3,"minecraft:rotten_flesh":10,"minecraft:azure_bluet":2,"minecraft:suspicious_stew":3,"minecraft:stone":9,"minecraft:andesite":4,"minecraft:stone_pickaxe":1,"minecraft:wooden_pickaxe":1,"minecraft:egg":1},"minecraft:broken":{"minecraft:stone_sword":11,"minecraft:stone_hoe":1,"minecraft:diamond_shovel":1,"minecraft:stone_axe":3,"minecraft:iron_sword":1,"minecraft:iron_pickaxe":1,"minecraft:stone_shovel":8},"minecraft:used":{"minecraft:stone_sword":746,"minecraft:enchanting_table":2,"minecraft:spruce_slab":51,"minecraft:stone_shovel":1191,"minecraft:chest":2,"minecraft:spruce_planks":5,"minecraft:shield":19,"minecraft:iron_sword":128,"minecraft:stone_hoe":138,"minecraft:torch":292,"minecraft:brewing_stand":2,"minecraft:dirt":890,"minecraft:jungle_planks":130,"minecraft:jungle_sapling":4,"minecraft:bamboo_raft":1,"minecraft:lava_bucket":1,"minecraft:bookshelf":16,"minecraft:bamboo":477,"minecraft:bow":29,"minecraft:furnace":3,"minecraft:egg":4,"minecraft:orange_terracotta":2,"minecraft:water_bucket":193,"minecraft:stone_pickaxe":30,"minecraft:cobblestone_slab":14,"minecraft:brown_mushroom":5,"minecraft:wooden_pickaxe":30,"minecraft:composter":1,"minecraft:sugar_cane":423,"minecraft:jungle_boat":5,"minecraft:white_wool":1,"minecraft:oak_slab":7,"minecraft:crafting_table":9,"minecraft:red_mushroom":3,"minecraft:blast_furnace":1,"minecraft:white_bed":17,"minecraft:spruce_log":2,"minecraft:pumpkin_seeds":4,"minecraft:oak_log":1,"minecraft:diamond_pickaxe":185,"minecraft:oxeye_daisy":2,"minecraft:diamond_shovel":3093,"minecraft:cherry_door":3,"minecraft:iron_pickaxe":305,"minecraft:suspicious_stew":12,"minecraft:bread":66,"minecraft:jungle_stairs":99,"minecraft:spruce_sapling":8,"minecraft:bamboo_slab":1,"minecraft:stone_axe":493,"minecraft:diamond_sword":45,"minecraft:cobblestone":91,"minecraft:grindstone":4,"minecraft:bucket":196,"minecraft:yellow_bed":4,"minecraft:bone_meal":36},"minecraft:mined":{"minecraft:tuff":3,"minecraft:spruce_planks":5,"minecraft:white_bed":12,"minecraft:dark_oak_leaves":126,"minecraft:deepslate_diamond_ore":16,"minecraft:jungle_leaves":31,"minecraft:dark_oak_log":32,"minecraft:brewing_stand":2,"minecraft:obsidian":14,"minecraft:grass_block":2159,"minecraft:jungle_planks":22,"minecraft:jungle_log":69,"minecraft:brown_mushroom_block":93,"minecraft:spruce_leaves":23,"minecraft:red_mushroom":7,"minecraft:oxeye_daisy":32,"minecraft:hay_block":94,"minecraft:iron_ore":23,"minecraft:andesite":6,"minecraft:deepslate_lapis_ore":2,"minecraft:gold_block":1,"minecraft:azure_bluet":1,"minecraft:enchanting_table":1,"minecraft:cobblestone_slab":15,"minecraft:pointed_dripstone":6,"minecraft:flowering_azalea_leaves":11,"minecraft:dirt_path":2,"minecraft:deepslate_iron_ore":8,"minecraft:vine":8,"minecraft:bamboo_sapling":5,"minecraft:azalea_leaves":31,"minecraft:bamboo":867,"minecraft:stone":172,"minecraft:spruce_slab":2,"minecraft:bamboo_slab":1,"minecraft:podzol":5,"minecraft:deepslate_redstone_ore":1,"minecraft:oak_slab":11,"minecraft:brown_mushroom":7,"minecraft:kelp_plant":1,"minecraft:orange_terracotta":2,"minecraft:dandelion":25,"minecraft:cornflower":4,"minecraft:crafting_table":6,"minecraft:torch":31,"minecraft:jungle_stairs":7,"minecraft:blast_furnace":1,"minecraft:poppy":1,"minecraft:mushroom_stem":15,"minecraft:tall_grass":60,"minecraft:cobblestone":46,"minecraft:deepslate_gold_ore":32,"minecraft:grindstone":1,"minecraft:oak_planks":2,"minecraft:sugar_cane":934,"minecraft:wall_torch":11,"minecraft:seagrass":1,"minecraft:spruce_log":79,"minecraft:cherry_door":3,"minecraft:yellow_bed":5,"minecraft:grass":286,"minecraft:oak_log":6,"minecraft:coal_ore":38,"minecraft:gravel":4,"minecraft:dirt":2201,"minecraft:cobweb":1,"minecraft:red_mushroom_block":132,"minecraft:oak_leaves":78,"minecraft:deepslate":144,"minecraft:fern":1},"minecraft:killed":{"minecraft:skeleton":2,"minecraft:horse":2,"minecraft:pig":1,"minecraft:iron_golem":1,"minecraft:bat":1,"minecraft:creeper":3,"minecraft:zombie":6,"minecraft:cow":32}},"DataVersion":3465}