{"stats":{"minecraft:crafted":{"minecraft:oak_planks":12,"minecraft:stone_shovel":10,"minecraft:furnace":3,"minecraft:bone_meal":27,"minecraft:suspicious_stew":15,"minecraft:bamboo_block":378,"minecraft:bow":7,"minecraft:iron_boots":1,"minecraft:spruce_slab":66,"minecraft:stone_pickaxe":1,"minecraft:chest":2,"minecraft:jungle_stairs":96,"minecraft:dark_oak_planks":40,"minecraft:stone_hoe":1,"minecraft:wheat":270,"minecraft:oak_slab":6,"minecraft:arrow":64,"minecraft:emerald":69,"minecraft:crafting_table":3,"minecraft:spruce_planks":56,"minecraft:jungle_boat":1,"minecraft:iron_helmet":1,"minecraft:wooden_pickaxe":2,"minecraft:iron_sword":1,"minecraft:bowl":12,"minecraft:bucket":2,"minecraft:stone_axe":6,"minecraft:bread":90,"minecraft:air":0,"minecraft:jungle_planks":304,"minecraft:bamboo_planks":686,"minecraft:book":34,"minecraft:paper":123,"minecraft:diamond_pickaxe":1,"minecraft:iron_chestplate":1,"minecraft:charcoal":43,"minecraft:golden_apple":1,"minecraft:shield":1,"minecraft:stick":2281,"minecraft:iron_ingot":24,"minecraft:iron_pickaxe":2,"minecraft:stone_sword":8,"minecraft:iron_leggings":1,"minecraft:gold_ingot":18,"minecraft:composter":1,"minecraft:torch":176,"minecraft:diamond_chestplate":1},"minecraft:custom":{"minecraft:mob_kills":39,"minecraft:interact_with_crafting_table":82,"minecraft:leave_game":6,"minecraft:time_since_death":369245,"minecraft:climb_one_cm":4016,"minecraft:sprint_one_cm":1301903,"minecraft:walk_one_cm":1221391,"minecraft:damage_blocked_by_shield":810,"minecraft:drop":31,"minecraft:talked_to_villager":28,"minecraft:play_time":369245,"minecraft:sneak_time":14363,"minecraft:walk_under_water_one_cm":15970,"minecraft:boat_one_cm":301836,"minecraft:jump":5001,"minecraft:walk_on_water_one_cm":42580,"minecraft:total_world_time":369245,"minecraft:interact_with_furnace":38,"minecraft:traded_with_villager":77,"minecraft:sleep_in_bed":22,"minecraft:time_since_rest":83686,"minecraft:damage_taken":327,"minecraft:damage_dealt":5197,"minecraft:swim_one_cm":46370,"minecraft:fly_one_cm":1008936,"minecraft:open_chest":235,"minecraft:crouch_one_cm":38150,"minecraft:fall_one_cm":48267},"minecraft:picked_up":{"minecraft:cocoa_beans":10,"minecraft:crafting_table":6,"minecraft:azure_bluet":4,"minecraft:brown_mushroom":50,"minecraft:wooden_pickaxe":1,"minecraft:gold_block":1,"minecraft:brewing_stand":2,"minecraft:cornflower":6,"minecraft:pufferfish":1,"minecraft:cobbled_deepslate":177,"minecraft:spruce_planks":5,"minecraft:bucket":1,"minecraft:beef":52,"minecraft:jungle_sapling":6,"minecraft:poppy":2,"minecraft:spruce_slab":2,"minecraft:sugar_cane":1429,"minecraft:egg":3,"minecraft:dark_oak_sapling":8,"minecraft:stick":15,"minecraft:raw_iron":27,"minecraft:bamboo_slab":1,"minecraft:torch":45,"minecraft:bowl":2,"minecraft:porkchop":1,"minecraft:pointed_dripstone":8,"minecraft:redstone":4,"minecraft:rotten_flesh":14,"minecraft:arrow":5,"minecraft:jungle_stairs":6,"minecraft:hay_block":94,"minecraft:obsidian":14,"minecraft:mutton":1,"minecraft:cobblestone":130,"minecraft:white_wool":1,"minecraft:oxeye_daisy":45,"minecraft:jungle_boat":4,"minecraft:andesite":6,"minecraft:jungle_log":66,"minecraft:leather":33,"minecraft:red_mushroom":58,"minecraft:tuff":3,"minecraft:oak_log":6,"minecraft:gunpowder":5,"minecraft:lapis_lazuli":14,"minecraft:wooden_hoe":1,"minecraft:dirt":1252,"minecraft:orange_terracotta":2,"minecraft:bone":9,"minecraft:apple":2,"minecraft:kelp":7,"minecraft:wheat_seeds":45,"minecraft:raw_gold":32,"minecraft:iron_ingot":22,"minecraft:bamboo":5081,"minecraft:oak_planks":2,"minecraft:oak_slab":9,"minecraft:dandelion":33,"minecraft:gravel":3,"minecraft:jungle_planks":22,"minecraft:bamboo_raft":1,"minecraft:spruce_sapling":19,"minecraft:blast_furnace":1,"minecraft:white_bed":12,"minecraft:spruce_log":79,"minecraft:dark_oak_log":32,"minecraft:diamond":17,"minecraft:bone_meal":16,"minecraft:cherry_sapling":1,"minecraft:golden_apple":1,"minecraft:oak_sapling":2,"minecraft:coal":27},"minecraft:dropped":{"minecraft:water_bucket":1,"minecraft:iron_ingot":2,"minecraft:bread":18,"minecraft:cobblestone":1,"minecraft:oxeye_daisy":2,"minecraft:dirt":1,"minecraft:bone_meal":8,"minecraft:bucket":1,"minecraft:gravel":3,"minecraft:rotten_flesh":10,"minecraft:azure_bluet":2,"minecraft:suspicious_stew":3,"minecraft:andesite":4,"minecraft:stone_pickaxe":1,"minecraft:wooden_pickaxe":1,"minecraft:egg":1},"minecraft:broken":{"minecraft:stone_sword":7,"minecraft:stone_hoe":1,"minecraft:stone_axe":3,"minecraft:iron_pickaxe":1,"minecraft:stone_shovel":8},"minecraft:used":{"minecraft:stone_sword":479,"minecraft:spruce_slab":51,"minecraft:stone_shovel":1191,"minecraft:chest":2,"minecraft:spruce_planks":5,"minecraft:shield":9,"minecraft:iron_sword":7,"minecraft:stone_hoe":138,"minecraft:torch":221,"minecraft:brewing_stand":2,"minecraft:dirt":257,"minecraft:jungle_planks":130,"minecraft:jungle_sapling":4,"minecraft:bamboo_raft":1,"minecraft:lava_bucket":1,"minecraft:bamboo":438,"minecraft:bow":28,"minecraft:furnace":3,"minecraft:egg":2,"minecraft:orange_terracotta":2,"minecraft:water_bucket":186,"minecraft:stone_pickaxe":30,"minecraft:wooden_pickaxe":30,"minecraft:brown_mushroom":5,"minecraft:composter":1,"minecraft:sugar_cane":423,"minecraft:jungle_boat":5,"minecraft:white_wool":1,"minecraft:oak_slab":5,"minecraft:crafting_table":9,"minecraft:blast_furnace":1,"minecraft:red_mushroom":3,"minecraft:white_bed":12,"minecraft:pumpkin_seeds":4,"minecraft:spruce_log":2,"minecraft:oak_log":1,"minecraft:diamond_pickaxe":53,"minecraft:oxeye_daisy":2,"minecraft:suspicious_stew":10,"minecraft:iron_pickaxe":305,"minecraft:bread":52,"minecraft:jungle_stairs":99,"minecraft:bamboo_slab":1,"minecraft:spruce_sapling":8,"minecraft:stone_axe":488,"minecraft:cobblestone":78,"minecraft:bucket":189,"minecraft:bone_meal":36},"minecraft:mined":{"minecraft:tuff":3,"minecraft:spruce_planks":5,"minecraft:white_bed":11,"minecraft:dark_oak_leaves":126,"minecraft:deepslate_diamond_ore":16,"minecraft:jungle_leaves":31,"minecraft:dark_oak_log":32,"minecraft:brewing_stand":2,"minecraft:obsidian":14,"minecraft:grass_block":759,"minecraft:jungle_planks":22,"minecraft:jungle_log":69,"minecraft:brown_mushroom_block":93,"minecraft:spruce_leaves":23,"minecraft:red_mushroom":7,"minecraft:oxeye_daisy":30,"minecraft:hay_block":94,"minecraft:iron_ore":19,"minecraft:andesite":6,"minecraft:deepslate_lapis_ore":2,"minecraft:azure_bluet":1,"minecraft:gold_block":1,"minecraft:deepslate_iron_ore":8,"minecraft:pointed_dripstone":6,"minecraft:vine":8,"minecraft:flowering_azalea_leaves":11,"minecraft:dirt_path":1,"minecraft:bamboo_sapling":5,"minecraft:azalea_leaves":31,"minecraft:bamboo":450,"minecraft:stone":97,"minecraft:spruce_slab":2,"minecraft:bamboo_slab":1,"minecraft:podzol":5,"minecraft:deepslate_redstone_ore":1,"minecraft:oak_slab":9,"minecraft:brown_mushroom":7,"minecraft:kelp_plant":1,"minecraft:orange_terracotta":2,"minecraft:dandelion":21,"minecraft:crafting_table":6,"minecraft:cornflower":4,"minecraft:torch":24,"minecraft:jungle_stairs":7,"minecraft:blast_furnace":1,"minecraft:poppy":1,"minecraft:mushroom_stem":15,"minecraft:tall_grass":56,"minecraft:cobblestone":33,"minecraft:deepslate_gold_ore":32,"minecraft:oak_planks":2,"minecraft:sugar_cane":931,"minecraft:wall_torch":11,"minecraft:seagrass":1,"minecraft:spruce_log":79,"minecraft:yellow_bed":1,"minecraft:grass":266,"minecraft:oak_log":6,"minecraft:coal_ore":15,"minecraft:gravel":3,"minecraft:dirt":495,"minecraft:cobweb":1,"minecraft:red_mushroom_block":132,"minecraft:deepslate":144,"minecraft:oak_leaves":78,"minecraft:fern":1},"minecraft:killed":{"minecraft:skeleton":1,"minecraft:pig":1,"minecraft:iron_golem":1,"minecraft:bat":1,"minecraft:creeper":3,"minecraft:zombie":6,"minecraft:cow":25}},"DataVersion":3465}