{"stats":{"minecraft:crafted":{"minecraft:oak_planks":168,"minecraft:cooked_chicken":1,"minecraft:cooked_mutton":28,"minecraft:diamond_helmet":1,"minecraft:iron_boots":3,"minecraft:chest":6,"minecraft:arrow":8,"minecraft:cooked_porkchop":38,"minecraft:crafting_table":13,"minecraft:spruce_planks":136,"minecraft:wooden_pickaxe":4,"minecraft:iron_helmet":3,"minecraft:birch_planks":28,"minecraft:wooden_hoe":1,"minecraft:charcoal":42,"minecraft:diamond_pickaxe":1,"minecraft:shield":4,"minecraft:stick":160,"minecraft:iron_ingot":15,"minecraft:stone_sword":3,"minecraft:gold_ingot":41,"minecraft:wooden_sword":1,"minecraft:raw_iron":9,"minecraft:furnace":12,"minecraft:mushroom_stew":1,"minecraft:bone_meal":63,"minecraft:flint_and_steel":2,"minecraft:iron_axe":1,"minecraft:stone_pickaxe":5,"minecraft:spruce_boat":2,"minecraft:dark_oak_planks":16,"minecraft:wheat":171,"minecraft:cooked_beef":2,"minecraft:diamond_sword":1,"minecraft:bowl":4,"minecraft:bucket":3,"minecraft:stone_axe":6,"minecraft:bread":66,"minecraft:air":0,"minecraft:golden_apple":6,"minecraft:wooden_axe":1,"minecraft:iron_shovel":1,"minecraft:iron_leggings":3,"minecraft:white_bed":2,"minecraft:torch":220,"minecraft:diamond_chestplate":1},"minecraft:picked_up":{"minecraft:wooden_axe":1,"minecraft:iron_chestplate":6,"minecraft:birch_door":1,"minecraft:wheat":27,"minecraft:chainmail_boots":1,"aether:iron_gloves":10,"minecraft:diamond_sword":3,"minecraft:wither_rose":7,"minecraft:enchanted_book":11,"minecraft:brewing_stand":1,"minecraft:polished_deepslate_wall":1,"minecraft:polished_deepslate":2,"minecraft:string":23,"minecraft:dark_oak_trapdoor":16,"minecraft:red_nether_bricks":6,"minecraft:iron_leggings":7,"minecraft:beetroot_soup":1,"minecraft:beetroot":42,"minecraft:gold_nugget":1,"minecraft:cobbled_deepslate":87,"minecraft:spruce_planks":75,"minecraft:eye_armor_trim_smithing_template":5,"minecraft:calcite":24,"minecraft:melon_slice":15,"minecraft:iron_boots":8,"minecraft:furnace":11,"minecraft:tipped_arrow":4,"minecraft:stick":62,"minecraft:torch":11,"minecraft:porkchop":12,"minecraft:diorite":3,"minecraft:brown_carpet":3,"minecraft:stone_sword":10,"minecraft:light_gray_bed":1,"minecraft:honey_bottle":1,"minecraft:rotten_flesh":168,"aether:chainmail_gloves":2,"minecraft:blaze_rod":1,"minecraft:cobblestone":403,"minecraft:birch_log":7,"minecraft:feather":31,"minecraft:water_bucket":12,"minecraft:andesite":12,"minecraft:chiseled_quartz_block":7,"minecraft:potato":15,"minecraft:flint":13,"minecraft:tuff":9,"minecraft:dirt":109,"minecraft:lapis_lazuli":30,"minecraft:lantern":1,"minecraft:bone":110,"minecraft:bow":3,"minecraft:wheat_seeds":95,"minecraft:raw_gold":19,"minecraft:diamond_helmet":5,"minecraft:cyan_candle":6,"minecraft:oak_planks":147,"minecraft:cooked_porkchop":34,"minecraft:sand":71,"minecraft:cyan_bed":14,"minecraft:dark_prismarine":7,"minecraft:diamond":59,"minecraft:spruce_boat":15,"minecraft:golden_apple":16,"minecraft:bread":290,"minecraft:emerald":12,"minecraft:diamond_pickaxe":3,"minecraft:crafting_table":4,"minecraft:coarse_dirt":28,"minecraft:allium":1,"minecraft:chicken":24,"minecraft:ladder":11,"minecraft:rabbit_stew":1,"minecraft:brown_mushroom":6,"minecraft:wooden_pickaxe":8,"minecraft:diamond_horse_armor":14,"minecraft:shield":3,"minecraft:iron_axe":1,"minecraft:wooden_sword":1,"minecraft:flint_and_steel":3,"minecraft:item_frame":3,"minecraft:cyan_carpet":51,"minecraft:beef":46,"minecraft:light_gray_wool":3,"minecraft:lectern":2,"minecraft:sugar_cane":10,"minecraft:egg":3,"minecraft:raw_iron":65,"minecraft:stripped_mangrove_wood":13,"minecraft:stone":295,"minecraft:bowl":20,"minecraft:carrot":58,"minecraft:redstone":2,"minecraft:iron_horse_armor":4,"minecraft:dark_oak_planks":8,"minecraft:arrow":426,"minecraft:diamond_chestplate":1,"minecraft:jungle_stairs":3,"minecraft:nether_bricks":36,"minecraft:hay_block":19,"minecraft:stripped_dark_oak_wood":37,"minecraft:gold_ingot":112,"minecraft:mutton":26,"minecraft:white_wool":19,"minecraft:skeleton_skull":7,"minecraft:stripped_oak_log":1,"minecraft:tripwire_hook":4,"minecraft:leather":38,"minecraft:red_mushroom":5,"minecraft:filled_map":4,"minecraft:mushroom_stew":3,"minecraft:oak_log":196,"minecraft:golden_boots":2,"minecraft:gunpowder":6,"minecraft:wooden_hoe":2,"minecraft:cooked_mutton":29,"minecraft:apple":9,"minecraft:iron_ingot":36,"minecraft:stone_pickaxe":15,"minecraft:cooked_chicken":3,"minecraft:glass_bottle":4,"minecraft:book":6,"minecraft:sweet_berries":4,"minecraft:raw_iron_block":1,"minecraft:gravel":27,"minecraft:amethyst_shard":30,"minecraft:spruce_sapling":4,"minecraft:white_bed":6,"minecraft:spruce_log":131,"minecraft:spider_eye":2,"minecraft:stone_axe":28,"minecraft:iron_helmet":4,"minecraft:gray_wool":2,"minecraft:coal":155,"minecraft:smooth_quartz_slab":7,"minecraft:ender_pearl":3},"minecraft:broken":{"minecraft:stone_axe":3},"minecraft:killed_by":{"minecraft:creeper":2,"minecraft:zombie":2,"minecraft:husk":12,"minecraft:player":1,"minecraft:skeleton":18},"minecraft:used":{"minecraft:chest":6,"minecraft:shield":48,"minecraft:stone":4,"minecraft:rotten_flesh":31,"minecraft:iron_chestplate":2,"minecraft:nether_bricks":36,"minecraft:carrot":3,"minecraft:tuff":2,"minecraft:honey_bottle":2,"minecraft:spruce_boat":4,"minecraft:lava_bucket":1,"minecraft:stripped_dark_oak_wood":5,"minecraft:lantern":1,"minecraft:item_frame":2,"minecraft:rabbit_stew":1,"minecraft:bow":112,"minecraft:furnace":20,"minecraft:egg":1,"minecraft:potato":4,"minecraft:diorite":1,"minecraft:stone_pickaxe":113,"minecraft:wooden_pickaxe":92,"minecraft:sugar_cane":10,"minecraft:stripped_mangrove_wood":1,"minecraft:sand":33,"minecraft:mushroom_stew":3,"minecraft:cyan_bed":13,"minecraft:bread":98,"minecraft:cyan_carpet":13,"minecraft:gravel":4,"minecraft:diamond_sword":278,"minecraft:wooden_sword":4,"minecraft:coarse_dirt":1,"minecraft:bone_meal":63,"minecraft:stone_sword":6,"minecraft:flint_and_steel":49,"minecraft:spruce_planks":21,"minecraft:cooked_chicken":3,"minecraft:torch":206,"minecraft:dirt":25,"minecraft:diamond_helmet":1,"minecraft:birch_door":1,"minecraft:wooden_axe":22,"minecraft:dark_oak_planks":2,"minecraft:iron_axe":127,"minecraft:iron_boots":2,"minecraft:light_gray_wool":1,"minecraft:beef":1,"minecraft:cooked_beef":2,"minecraft:cobbled_deepslate":56,"minecraft:iron_leggings":1,"minecraft:beetroot_soup":1,"minecraft:calcite":9,"minecraft:wheat_seeds":28,"minecraft:cooked_mutton":10,"minecraft:water_bucket":14,"minecraft:crafting_table":16,"minecraft:white_bed":7,"minecraft:spruce_log":3,"minecraft:wooden_hoe":27,"minecraft:diamond_pickaxe":339,"minecraft:chicken":1,"minecraft:stone_axe":373,"minecraft:cobblestone":44,"minecraft:cooked_porkchop":10,"minecraft:bucket":19,"minecraft:wither_rose":1},"minecraft:killed":{"minecraft:zombified_piglin":4,"minecraft:witch":2,"minecraft:spider":2,"minecraft:skeleton":20,"minecraft:chicken":16,"minecraft:pig":5,"minecraft:zombie_villager":1,"minecraft:iron_golem":1,"minecraft:creeper":3,"minecraft:sheep":15,"minecraft:zombie":51,"minecraft:stray":3,"minecraft:ghast":9,"minecraft:blaze":5,"minecraft:cow":10,"minecraft:husk":50},"minecraft:mined":{"minecraft:spruce_planks":4,"minecraft:white_bed":5,"minecraft:cobblestone_stairs":1,"minecraft:grass_block":6,"minecraft:light_gray_bed":1,"minecraft:spawner":3,"minecraft:raw_iron_block":1,"minecraft:dark_oak_trapdoor":4,"minecraft:iron_ore":2,"minecraft:fire":65,"minecraft:stripped_dark_oak_wood":11,"minecraft:stripped_mangrove_wood":3,"minecraft:brown_mushroom":16,"minecraft:soul_fire":35,"minecraft:chiseled_quartz_block":1,"minecraft:jungle_stairs":1,"minecraft:calcite":5,"minecraft:smooth_quartz_slab":1,"minecraft:cobblestone":16,"minecraft:cyan_bed":13,"minecraft:oak_planks":1,"minecraft:sugar_cane":10,"minecraft:birch_log":7,"minecraft:wheat":27,"minecraft:birch_door":1,"minecraft:wither_rose":1,"minecraft:grass":17,"minecraft:oak_log":127,"minecraft:sand":1,"minecraft:dirt":27,"minecraft:red_mushroom_block":6,"minecraft:oak_leaves":9,"minecraft:cyan_candle":1,"minecraft:deepslate":50,"minecraft:tuff":9,"minecraft:deepslate_diamond_ore":15,"minecraft:nether_bricks":34,"minecraft:spruce_leaves":46,"minecraft:large_fern":3,"minecraft:hay_block":19,"minecraft:black_stained_glass_pane":2,"minecraft:furnace":11,"minecraft:andesite":3,"minecraft:deepslate_iron_ore":58,"minecraft:stripped_oak_log":1,"minecraft:stone":227,"minecraft:podzol":1,"minecraft:crafting_table":4,"minecraft:tall_grass":7,"minecraft:deepslate_gold_ore":14,"minecraft:coarse_dirt":10,"minecraft:spruce_log":70,"minecraft:coal_ore":68,"minecraft:cyan_carpet":28,"minecraft:gravel":17,"minecraft:fern":10},"minecraft:custom":{"minecraft:interact_with_crafting_table":89,"minecraft:open_barrel":7,"minecraft:eat_cake_slice":18,"minecraft:leave_game":6,"minecraft:time_since_death":15104,"minecraft:damage_resisted":184,"minecraft:sprint_one_cm":928878,"minecraft:damage_blocked_by_shield":3450,"minecraft:drop":67,"minecraft:talked_to_villager":3,"minecraft:play_time":288067,"minecraft:deaths":38,"minecraft:jump":6437,"minecraft:walk_on_water_one_cm":37046,"minecraft:interact_with_furnace":121,"minecraft:traded_with_villager":1,"minecraft:sleep_in_bed":14,"minecraft:damage_dealt":41969,"minecraft:crouch_one_cm":15155,"minecraft:mob_kills":202,"minecraft:damage_dealt_resisted":191,"minecraft:climb_one_cm":27324,"minecraft:walk_one_cm":493816,"minecraft:sneak_time":6086,"minecraft:walk_under_water_one_cm":23664,"minecraft:boat_one_cm":120327,"minecraft:interact_with_blast_furnace":2,"minecraft:total_world_time":288067,"minecraft:tune_noteblock":32,"minecraft:time_since_rest":15136,"minecraft:damage_taken":18269,"minecraft:swim_one_cm":57785,"minecraft:fly_one_cm":1114862,"minecraft:open_chest":81,"minecraft:fall_one_cm":159523},"minecraft:dropped":{"minecraft:lapis_lazuli":6,"minecraft:glass_bottle":2,"minecraft:diamond":13,"minecraft:leather":2,"minecraft:dirt":4,"minecraft:white_wool":2,"minecraft:cyan_carpet":1,"minecraft:gravel":1,"minecraft:stone_axe":2,"minecraft:cobbled_deepslate":1,"minecraft:rotten_flesh":40,"minecraft:oak_planks":23,"minecraft:cooked_mutton":1,"minecraft:water_bucket":1,"minecraft:golden_boots":1,"minecraft:iron_ingot":1,"minecraft:bread":16,"minecraft:wheat_seeds":2,"minecraft:iron_helmet":2,"minecraft:feather":2,"minecraft:cobblestone":5,"minecraft:gray_wool":2,"minecraft:diamond_helmet":1,"minecraft:string":8,"minecraft:coarse_dirt":3,"minecraft:stone_sword":1,"minecraft:bowl":1,"minecraft:light_gray_wool":1,"minecraft:iron_boots":1,"minecraft:flint_and_steel":1,"minecraft:filled_map":1,"minecraft:shield":1,"aether:chainmail_gloves":1,"minecraft:iron_chestplate":3,"minecraft:spider_eye":2,"minecraft:stone_pickaxe":1,"minecraft:wooden_pickaxe":2}},"DataVersion":3465}