{"stats":{"minecraft:crafted":{"minecraft:oak_planks":12,"minecraft:stone_shovel":10,"minecraft:furnace":2,"minecraft:bone_meal":18,"minecraft:suspicious_stew":15,"minecraft:bamboo_block":378,"minecraft:bow":1,"minecraft:iron_boots":1,"minecraft:spruce_slab":66,"minecraft:stone_pickaxe":1,"minecraft:chest":2,"minecraft:jungle_stairs":96,"minecraft:dark_oak_planks":32,"minecraft:stone_hoe":1,"minecraft:wheat":270,"minecraft:oak_slab":6,"minecraft:arrow":64,"minecraft:emerald":50,"minecraft:crafting_table":3,"minecraft:spruce_planks":56,"minecraft:jungle_boat":1,"minecraft:iron_helmet":1,"minecraft:wooden_pickaxe":2,"minecraft:iron_sword":1,"minecraft:bowl":12,"minecraft:bucket":2,"minecraft:stone_axe":5,"minecraft:bread":90,"minecraft:air":0,"minecraft:jungle_planks":304,"minecraft:bamboo_planks":384,"minecraft:iron_chestplate":1,"minecraft:charcoal":29,"minecraft:golden_apple":1,"minecraft:shield":1,"minecraft:stick":1669,"minecraft:iron_ingot":24,"minecraft:iron_pickaxe":2,"minecraft:stone_sword":8,"minecraft:iron_leggings":1,"minecraft:gold_ingot":18,"minecraft:composter":1,"minecraft:torch":160,"minecraft:diamond_chestplate":1},"minecraft:custom":{"minecraft:mob_kills":37,"minecraft:interact_with_crafting_table":72,"minecraft:leave_game":6,"minecraft:time_since_death":333245,"minecraft:climb_one_cm":4016,"minecraft:sprint_one_cm":1181357,"minecraft:walk_one_cm":1095450,"minecraft:damage_blocked_by_shield":420,"minecraft:drop":30,"minecraft:talked_to_villager":22,"minecraft:play_time":333245,"minecraft:sneak_time":13242,"minecraft:walk_under_water_one_cm":11529,"minecraft:boat_one_cm":301836,"minecraft:jump":4385,"minecraft:walk_on_water_one_cm":23380,"minecraft:total_world_time":333245,"minecraft:interact_with_furnace":31,"minecraft:traded_with_villager":55,"minecraft:sleep_in_bed":22,"minecraft:time_since_rest":47686,"minecraft:damage_taken":327,"minecraft:damage_dealt":5197,"minecraft:swim_one_cm":46077,"minecraft:fly_one_cm":928713,"minecraft:open_chest":212,"minecraft:crouch_one_cm":35699,"minecraft:fall_one_cm":41227},"minecraft:picked_up":{"minecraft:cocoa_beans":10,"minecraft:crafting_table":6,"minecraft:azure_bluet":4,"minecraft:brown_mushroom":50,"minecraft:wooden_pickaxe":1,"minecraft:gold_block":1,"minecraft:brewing_stand":2,"minecraft:cornflower":6,"minecraft:pufferfish":1,"minecraft:cobbled_deepslate":121,"minecraft:spruce_planks":5,"minecraft:bucket":1,"minecraft:beef":52,"minecraft:jungle_sapling":6,"minecraft:poppy":2,"minecraft:spruce_slab":2,"minecraft:sugar_cane":840,"minecraft:egg":3,"minecraft:dark_oak_sapling":8,"minecraft:stick":15,"minecraft:raw_iron":27,"minecraft:bamboo_slab":1,"minecraft:torch":44,"minecraft:bowl":2,"minecraft:porkchop":1,"minecraft:pointed_dripstone":5,"minecraft:redstone":4,"minecraft:rotten_flesh":12,"minecraft:arrow":4,"minecraft:jungle_stairs":6,"minecraft:hay_block":94,"minecraft:mutton":1,"minecraft:cobblestone":129,"minecraft:white_wool":1,"minecraft:oxeye_daisy":45,"minecraft:jungle_boat":4,"minecraft:andesite":6,"minecraft:jungle_log":66,"minecraft:leather":33,"minecraft:red_mushroom":58,"minecraft:tuff":3,"minecraft:oak_log":6,"minecraft:gunpowder":5,"minecraft:lapis_lazuli":14,"minecraft:wooden_hoe":1,"minecraft:dirt":1252,"minecraft:orange_terracotta":2,"minecraft:bone":8,"minecraft:apple":2,"minecraft:kelp":7,"minecraft:wheat_seeds":45,"minecraft:raw_gold":27,"minecraft:iron_ingot":22,"minecraft:bamboo":5081,"minecraft:oak_planks":2,"minecraft:oak_slab":9,"minecraft:dandelion":33,"minecraft:gravel":3,"minecraft:jungle_planks":22,"minecraft:bamboo_raft":1,"minecraft:spruce_sapling":19,"minecraft:blast_furnace":1,"minecraft:white_bed":12,"minecraft:spruce_log":79,"minecraft:dark_oak_log":32,"minecraft:diamond":14,"minecraft:bone_meal":16,"minecraft:cherry_sapling":1,"minecraft:golden_apple":1,"minecraft:oak_sapling":2,"minecraft:coal":27},"minecraft:dropped":{"minecraft:water_bucket":1,"minecraft:iron_ingot":2,"minecraft:bread":18,"minecraft:cobblestone":1,"minecraft:oxeye_daisy":2,"minecraft:dirt":1,"minecraft:bone_meal":8,"minecraft:bucket":1,"minecraft:gravel":3,"minecraft:rotten_flesh":9,"minecraft:azure_bluet":2,"minecraft:suspicious_stew":3,"minecraft:andesite":4,"minecraft:stone_pickaxe":1,"minecraft:wooden_pickaxe":1,"minecraft:egg":1},"minecraft:broken":{"minecraft:stone_sword":7,"minecraft:stone_hoe":1,"minecraft:stone_axe":3,"minecraft:iron_pickaxe":1,"minecraft:stone_shovel":8},"minecraft:used":{"minecraft:stone_sword":479,"minecraft:spruce_slab":51,"minecraft:stone_shovel":1191,"minecraft:chest":2,"minecraft:spruce_planks":5,"minecraft:shield":5,"minecraft:iron_sword":6,"minecraft:stone_hoe":131,"minecraft:torch":199,"minecraft:brewing_stand":2,"minecraft:dirt":257,"minecraft:jungle_planks":130,"minecraft:jungle_sapling":4,"minecraft:bamboo_raft":1,"minecraft:lava_bucket":1,"minecraft:bamboo":438,"minecraft:bow":18,"minecraft:furnace":2,"minecraft:egg":2,"minecraft:orange_terracotta":2,"minecraft:water_bucket":176,"minecraft:stone_pickaxe":30,"minecraft:wooden_pickaxe":30,"minecraft:brown_mushroom":5,"minecraft:composter":1,"minecraft:sugar_cane":423,"minecraft:jungle_boat":5,"minecraft:white_wool":1,"minecraft:oak_slab":5,"minecraft:crafting_table":9,"minecraft:blast_furnace":1,"minecraft:red_mushroom":3,"minecraft:white_bed":12,"minecraft:spruce_log":2,"minecraft:oak_log":1,"minecraft:oxeye_daisy":2,"minecraft:suspicious_stew":10,"minecraft:iron_pickaxe":294,"minecraft:bread":47,"minecraft:jungle_stairs":99,"minecraft:bamboo_slab":1,"minecraft:spruce_sapling":8,"minecraft:stone_axe":488,"minecraft:cobblestone":64,"minecraft:bucket":179,"minecraft:bone_meal":27},"minecraft:mined":{"minecraft:tuff":3,"minecraft:spruce_planks":5,"minecraft:white_bed":11,"minecraft:dark_oak_leaves":126,"minecraft:deepslate_diamond_ore":13,"minecraft:jungle_leaves":31,"minecraft:dark_oak_log":32,"minecraft:brewing_stand":2,"minecraft:grass_block":759,"minecraft:jungle_planks":22,"minecraft:jungle_log":69,"minecraft:brown_mushroom_block":93,"minecraft:spruce_leaves":23,"minecraft:red_mushroom":7,"minecraft:oxeye_daisy":30,"minecraft:hay_block":94,"minecraft:iron_ore":19,"minecraft:andesite":6,"minecraft:deepslate_lapis_ore":2,"minecraft:azure_bluet":1,"minecraft:gold_block":1,"minecraft:deepslate_iron_ore":8,"minecraft:pointed_dripstone":3,"minecraft:vine":8,"minecraft:flowering_azalea_leaves":11,"minecraft:dirt_path":1,"minecraft:bamboo_sapling":5,"minecraft:azalea_leaves":31,"minecraft:bamboo":450,"minecraft:stone":96,"minecraft:spruce_slab":2,"minecraft:bamboo_slab":1,"minecraft:podzol":5,"minecraft:deepslate_redstone_ore":1,"minecraft:oak_slab":9,"minecraft:brown_mushroom":7,"minecraft:kelp_plant":1,"minecraft:orange_terracotta":2,"minecraft:dandelion":21,"minecraft:crafting_table":6,"minecraft:cornflower":4,"minecraft:torch":24,"minecraft:jungle_stairs":7,"minecraft:blast_furnace":1,"minecraft:poppy":1,"minecraft:mushroom_stem":15,"minecraft:tall_grass":56,"minecraft:cobblestone":33,"minecraft:deepslate_gold_ore":27,"minecraft:oak_planks":2,"minecraft:sugar_cane":634,"minecraft:wall_torch":10,"minecraft:seagrass":1,"minecraft:spruce_log":79,"minecraft:yellow_bed":1,"minecraft:grass":263,"minecraft:oak_log":6,"minecraft:coal_ore":15,"minecraft:gravel":3,"minecraft:dirt":495,"minecraft:red_mushroom_block":132,"minecraft:deepslate":106,"minecraft:oak_leaves":78,"minecraft:fern":1},"minecraft:killed":{"minecraft:skeleton":1,"minecraft:pig":1,"minecraft:iron_golem":1,"minecraft:bat":1,"minecraft:creeper":3,"minecraft:zombie":4,"minecraft:cow":25}},"DataVersion":3465}