{"stats":{"minecraft:used":{"minecraft:stone_pickaxe":22,"minecraft:wooden_pickaxe":30,"minecraft:stone_hoe":116,"minecraft:jungle_boat":4,"minecraft:brewing_stand":1,"minecraft:dirt":1,"minecraft:crafting_table":5,"minecraft:blast_furnace":1,"minecraft:white_bed":4,"minecraft:bamboo_raft":1,"minecraft:bread":9,"minecraft:iron_pickaxe":7,"minecraft:stone_axe":93,"minecraft:cobblestone":15,"minecraft:orange_terracotta":2},"minecraft:crafted":{"minecraft:crafting_table":1,"minecraft:jungle_boat":1,"minecraft:wooden_pickaxe":2,"minecraft:stone_axe":1,"minecraft:bread":45,"minecraft:jungle_planks":24,"minecraft:golden_apple":1,"minecraft:shield":1,"minecraft:stick":12,"minecraft:iron_pickaxe":1,"minecraft:stone_pickaxe":1,"minecraft:stone_sword":1,"minecraft:gold_ingot":9,"minecraft:stone_hoe":1,"minecraft:wheat":135},"minecraft:mined":{"minecraft:white_bed":5,"minecraft:brown_mushroom":4,"minecraft:kelp_plant":1,"minecraft:jungle_leaves":31,"minecraft:orange_terracotta":2,"minecraft:brewing_stand":2,"minecraft:crafting_table":5,"minecraft:blast_furnace":1,"minecraft:grass_block":1,"minecraft:jungle_log":48,"minecraft:cobblestone":15,"minecraft:spruce_leaves":21,"minecraft:sugar_cane":12,"minecraft:hay_block":94,"minecraft:seagrass":1,"minecraft:spruce_log":12,"minecraft:gold_block":1,"minecraft:grass":14,"minecraft:vine":6,"minecraft:stone":29,"minecraft:oak_leaves":72,"minecraft:fern":1},"minecraft:killed":{"minecraft:pig":1,"minecraft:iron_golem":1,"minecraft:cow":6},"minecraft:picked_up":{"minecraft:cocoa_beans":10,"minecraft:crafting_table":5,"minecraft:jungle_boat":4,"minecraft:jungle_log":48,"minecraft:leather":7,"minecraft:brown_mushroom":3,"minecraft:wooden_pickaxe":1,"minecraft:gold_block":1,"minecraft:brewing_stand":2,"minecraft:dirt":1,"minecraft:orange_terracotta":2,"minecraft:pufferfish":1,"minecraft:apple":1,"minecraft:kelp":7,"minecraft:beef":11,"minecraft:iron_ingot":15,"minecraft:jungle_sapling":5,"minecraft:poppy":1,"minecraft:bamboo":20,"minecraft:sugar_cane":32,"minecraft:stick":5,"minecraft:bamboo_raft":1,"minecraft:porkchop":1,"minecraft:spruce_sapling":4,"minecraft:blast_furnace":1,"minecraft:white_bed":5,"minecraft:spruce_log":12,"minecraft:hay_block":94,"minecraft:oak_sapling":2,"minecraft:cobblestone":44},"minecraft:dropped":{"minecraft:iron_ingot":2,"minecraft:bread":18,"minecraft:wooden_pickaxe":1},"minecraft:custom":{"minecraft:mob_kills":8,"minecraft:interact_with_crafting_table":9,"minecraft:time_since_death":53696,"minecraft:sleep_in_bed":4,"minecraft:climb_one_cm":3711,"minecraft:time_since_rest":2973,"minecraft:sprint_one_cm":180401,"minecraft:damage_taken":127,"minecraft:walk_one_cm":155741,"minecraft:drop":5,"minecraft:damage_dealt":2322,"minecraft:swim_one_cm":18951,"minecraft:talked_to_villager":1,"minecraft:fly_one_cm":144751,"minecraft:open_chest":5,"minecraft:crouch_one_cm":1253,"minecraft:play_time":53696,"minecraft:sneak_time":1115,"minecraft:walk_under_water_one_cm":6272,"minecraft:boat_one_cm":274851,"minecraft:jump":752,"minecraft:walk_on_water_one_cm":9590,"minecraft:total_world_time":53696,"minecraft:fall_one_cm":6938}},"DataVersion":3465}