{"stats":{"minecraft:used":{"minecraft:moss_block":10,"minecraft:stone_sword":64,"minecraft:chest":1,"minecraft:shield":32,"minecraft:iron_sword":12,"minecraft:stone_hoe":102,"minecraft:cooked_chicken":6,"minecraft:rotten_flesh":14,"minecraft:torch":86,"minecraft:dirt":59,"minecraft:flowering_azalea":1,"minecraft:iron_axe":3,"minecraft:smooth_basalt":1,"minecraft:light_gray_wool":1,"minecraft:oak_sapling":3,"minecraft:furnace":8,"minecraft:egg":1,"minecraft:cooked_beef":3,"minecraft:cobbled_deepslate":3,"minecraft:acacia_planks":1,"minecraft:cooked_mutton":18,"minecraft:stone_pickaxe":83,"minecraft:oak_planks":13,"minecraft:blackstone":3,"minecraft:wooden_pickaxe":81,"minecraft:salmon":1,"minecraft:sand":2,"minecraft:crafting_table":16,"minecraft:white_bed":8,"minecraft:black_wool":1,"minecraft:string":2,"minecraft:brown_wool":2,"minecraft:iron_pickaxe":86,"travelersbackpack:white_sleeping_bag":1,"minecraft:stone_axe":108,"minecraft:cobblestone":9,"minecraft:cooked_porkchop":3,"minecraft:andesite":6,"minecraft:coarse_dirt":1},"minecraft:dropped":{"minecraft:iron_ingot":2,"minecraft:wheat_seeds":3,"minecraft:oak_log":12,"minecraft:glow_ink_sac":8,"minecraft:tropical_fish":1,"minecraft:moss_carpet":4,"minecraft:cooked_chicken":1,"minecraft:stone_sword":1,"minecraft:cooked_mutton":10,"minecraft:big_dripleaf":2,"travelersbackpack:white_sleeping_bag":3,"minecraft:oak_sapling":1,"minecraft:stone_pickaxe":3},"minecraft:broken":{"minecraft:wooden_pickaxe":1},"minecraft:custom":{"minecraft:mob_kills":35,"minecraft:interact_with_crafting_table":43,"minecraft:leave_game":5,"minecraft:time_since_death":29309,"minecraft:climb_one_cm":19892,"minecraft:sprint_one_cm":335044,"minecraft:walk_one_cm":287034,"minecraft:damage_blocked_by_shield":1915,"minecraft:drop":19,"minecraft:play_time":129247,"minecraft:deaths":17,"minecraft:sneak_time":3804,"minecraft:walk_under_water_one_cm":8515,"minecraft:jump":2706,"minecraft:walk_on_water_one_cm":9096,"minecraft:total_world_time":129247,"minecraft:interact_with_furnace":64,"minecraft:sleep_in_bed":8,"minecraft:time_since_rest":9308,"minecraft:damage_taken":6911,"minecraft:damage_dealt":4867,"minecraft:swim_one_cm":10360,"minecraft:fly_one_cm":406141,"minecraft:open_chest":15,"minecraft:crouch_one_cm":13818,"minecraft:fall_one_cm":77837},"minecraft:picked_up":{"minecraft:iron_chestplate":1,"minecraft:coarse_dirt":1,"minecraft:crafting_table":14,"minecraft:chicken":3,"minecraft:clay_ball":40,"minecraft:wooden_pickaxe":2,"minecraft:shield":3,"minecraft:string":7,"minecraft:moss_carpet":11,"minecraft:iron_shovel":1,"minecraft:blackstone":27,"minecraft:cobbled_deepslate":4,"minecraft:beef":7,"minecraft:iron_pickaxe":1,"minecraft:light_gray_wool":1,"minecraft:sugar_cane":10,"minecraft:furnace":6,"minecraft:egg":1,"minecraft:raw_iron":42,"minecraft:stick":15,"minecraft:big_dripleaf":2,"minecraft:torch":62,"minecraft:acacia_log":30,"minecraft:porkchop":21,"minecraft:redstone":47,"minecraft:stone_sword":8,"minecraft:arrow":23,"minecraft:rotten_flesh":44,"minecraft:tropical_fish":2,"minecraft:mutton":9,"aether:white_cape":3,"minecraft:white_wool":9,"minecraft:cobblestone":269,"minecraft:magma_block":10,"minecraft:feather":10,"minecraft:water_bucket":1,"minecraft:glow_ink_sac":10,"minecraft:andesite":6,"minecraft:salmon":1,"minecraft:leather":10,"minecraft:brown_wool":4,"minecraft:oak_log":309,"minecraft:lapis_lazuli":7,"minecraft:dirt":132,"minecraft:cooked_mutton":51,"minecraft:bone":26,"minecraft:acacia_planks":40,"minecraft:wheat_seeds":14,"minecraft:raw_gold":34,"minecraft:iron_ingot":9,"minecraft:stone_pickaxe":11,"minecraft:cooked_chicken":3,"minecraft:moss_block":12,"minecraft:oak_planks":53,"minecraft:acacia_sapling":11,"minecraft:stone_hoe":3,"minecraft:flowering_azalea":1,"minecraft:smooth_basalt":4,"minecraft:sand":2,"minecraft:spruce_sapling":16,"minecraft:white_bed":8,"travelersbackpack:white_sleeping_bag":10,"minecraft:diamond":4,"minecraft:stone_axe":7,"minecraft:iron_helmet":1,"minecraft:gray_wool":1,"minecraft:oak_sapling":8,"minecraft:black_wool":3,"minecraft:coal":133},"minecraft:killed_by":{"minecraft:player":1,"minecraft:creeper":2,"minecraft:skeleton":10,"minecraft:zombie":2,"minecraft:witch":1},"minecraft:crafted":{"minecraft:oak_planks":104,"minecraft:cooked_chicken":6,"minecraft:furnace":4,"minecraft:cooked_mutton":20,"minecraft:iron_axe":1,"minecraft:stone_pickaxe":4,"minecraft:chest":1,"minecraft:stone_hoe":1,"minecraft:cooked_beef":7,"minecraft:cooked_porkchop":3,"minecraft:crafting_table":6,"minecraft:wooden_pickaxe":2,"minecraft:iron_helmet":1,"minecraft:iron_sword":1,"minecraft:stone_axe":4,"minecraft:air":0,"minecraft:iron_chestplate":1,"minecraft:shield":2,"minecraft:stick":52,"minecraft:iron_ingot":33,"minecraft:iron_pickaxe":1,"minecraft:stone_sword":3,"minecraft:iron_leggings":1,"minecraft:white_bed":1,"minecraft:torch":104},"minecraft:mined":{"minecraft:white_bed":8,"minecraft:deepslate_diamond_ore":4,"minecraft:acacia_log":18,"minecraft:grass_block":13,"minecraft:brown_wool":1,"travelersbackpack:white_sleeping_bag":3,"minecraft:spruce_leaves":120,"minecraft:moss_block":6,"minecraft:magma_block":5,"minecraft:furnace":5,"minecraft:iron_ore":13,"minecraft:fire":2,"minecraft:andesite":5,"minecraft:deepslate_iron_ore":18,"minecraft:stone":108,"minecraft:deepslate_redstone_ore":6,"minecraft:acacia_leaves":15,"minecraft:flowering_azalea":2,"minecraft:blackstone":27,"minecraft:crafting_table":12,"minecraft:torch":2,"minecraft:dead_bush":6,"minecraft:cobblestone":4,"minecraft:tall_grass":26,"minecraft:deepslate_gold_ore":9,"minecraft:sugar_cane":2,"minecraft:big_dripleaf":1,"minecraft:coarse_dirt":1,"minecraft:grass":29,"minecraft:coal_ore":26,"minecraft:oak_log":74,"minecraft:sand":2,"minecraft:dirt":26,"minecraft:smooth_basalt":2,"minecraft:acacia_planks":1,"minecraft:small_dripleaf":1,"minecraft:oak_leaves":37,"minecraft:deepslate":1},"minecraft:killed":{"minecraft:spider":1,"minecraft:skeleton":6,"minecraft:chicken":2,"minecraft:pig":3,"minecraft:salmon":1,"minecraft:sheep":5,"minecraft:zombie":13,"minecraft:cow":4}},"DataVersion":3465}