{"stats":{"minecraft:used":{"minecraft:bread":4,"minecraft:stone_pickaxe":22,"minecraft:iron_pickaxe":2,"minecraft:wooden_pickaxe":30,"minecraft:jungle_boat":2,"minecraft:stone_hoe":23,"minecraft:stone_axe":60,"minecraft:brewing_stand":1,"minecraft:cobblestone":10,"minecraft:crafting_table":4,"minecraft:blast_furnace":1,"minecraft:white_bed":2,"minecraft:orange_terracotta":2},"minecraft:crafted":{"minecraft:shield":1,"minecraft:crafting_table":1,"minecraft:stick":12,"minecraft:jungle_boat":1,"minecraft:wooden_pickaxe":2,"minecraft:iron_pickaxe":1,"minecraft:stone_pickaxe":1,"minecraft:stone_sword":1,"minecraft:stone_hoe":1,"minecraft:stone_axe":1,"minecraft:bread":45,"minecraft:jungle_planks":24,"minecraft:wheat":135},"minecraft:mined":{"minecraft:hay_block":41,"minecraft:white_bed":3,"minecraft:kelp_plant":1,"minecraft:orange_terracotta":2,"minecraft:jungle_leaves":31,"minecraft:gold_block":1,"minecraft:brewing_stand":2,"minecraft:crafting_table":4,"minecraft:blast_furnace":1,"minecraft:grass":10,"minecraft:vine":6,"minecraft:jungle_log":48,"minecraft:cobblestone":10,"minecraft:stone":29,"minecraft:sugar_cane":1,"minecraft:oak_leaves":44,"minecraft:fern":1},"minecraft:killed":{"minecraft:pig":1},"minecraft:dropped":{"minecraft:bread":18,"minecraft:iron_ingot":2,"minecraft:wooden_pickaxe":1},"minecraft:picked_up":{"minecraft:cocoa_beans":10,"minecraft:stick":4,"minecraft:crafting_table":5,"minecraft:jungle_boat":2,"minecraft:jungle_log":48,"minecraft:wooden_pickaxe":1,"minecraft:porkchop":1,"minecraft:brewing_stand":2,"minecraft:blast_furnace":1,"minecraft:white_bed":3,"minecraft:orange_terracotta":2,"minecraft:pufferfish":1,"minecraft:kelp":7,"minecraft:hay_block":41,"minecraft:iron_ingot":10,"minecraft:poppy":1,"minecraft:jungle_sapling":5,"minecraft:bamboo":20,"minecraft:oak_sapling":1,"minecraft:sugar_cane":2,"minecraft:cobblestone":39},"minecraft:custom":{"minecraft:time_since_rest":4569,"minecraft:sprint_one_cm":71357,"minecraft:damage_taken":40,"minecraft:walk_one_cm":100883,"minecraft:mob_kills":1,"minecraft:drop":5,"minecraft:damage_dealt":722,"minecraft:swim_one_cm":8512,"minecraft:talked_to_villager":1,"minecraft:interact_with_crafting_table":8,"minecraft:fly_one_cm":57046,"minecraft:open_chest":5,"minecraft:crouch_one_cm":965,"minecraft:play_time":29696,"minecraft:sneak_time":618,"minecraft:walk_under_water_one_cm":2860,"minecraft:boat_one_cm":168422,"minecraft:jump":321,"minecraft:walk_on_water_one_cm":1768,"minecraft:time_since_death":29696,"minecraft:sleep_in_bed":2,"minecraft:total_world_time":29696,"minecraft:climb_one_cm":3711,"minecraft:fall_one_cm":3683}},"DataVersion":3465}