{"stats":{"minecraft:dropped":{"minecraft:stone_pickaxe":1},"minecraft:killed_by":{"minecraft:skeleton":5,"minecraft:creeper":1,"minecraft:zombie":2},"minecraft:mined":{"minecraft:acacia_leaves":8,"minecraft:white_bed":2,"minecraft:crafting_table":5,"minecraft:acacia_log":10,"minecraft:grass_block":11,"minecraft:dead_bush":1,"minecraft:tall_grass":15,"minecraft:cobblestone":4,"minecraft:moss_block":2,"minecraft:furnace":2,"minecraft:grass":23,"minecraft:oak_log":11,"minecraft:coal_ore":6,"minecraft:sand":2,"minecraft:dirt":14,"minecraft:stone":45,"minecraft:oak_leaves":21},"minecraft:used":{"minecraft:cooked_mutton":3,"minecraft:stone_sword":31,"minecraft:stone_pickaxe":36,"minecraft:oak_planks":7,"minecraft:wooden_pickaxe":22,"minecraft:rotten_flesh":7,"minecraft:salmon":1,"minecraft:dirt":34,"minecraft:sand":2,"minecraft:crafting_table":5,"minecraft:white_bed":2,"minecraft:stone_axe":29,"minecraft:cobblestone":9,"minecraft:furnace":3,"minecraft:oak_sapling":2,"minecraft:cooked_beef":1},"minecraft:crafted":{"minecraft:cooked_beef":7,"minecraft:oak_planks":40,"minecraft:crafting_table":2,"minecraft:wooden_pickaxe":1,"minecraft:furnace":2,"minecraft:stone_axe":3,"minecraft:cooked_mutton":2,"minecraft:air":0,"minecraft:stick":20,"minecraft:stone_pickaxe":3,"minecraft:stone_sword":2,"minecraft:white_bed":1},"minecraft:killed":{"minecraft:salmon":1,"minecraft:spider":1,"minecraft:sheep":5,"minecraft:skeleton":2,"minecraft:zombie":4,"minecraft:cow":4},"minecraft:picked_up":{"minecraft:crafting_table":6,"minecraft:salmon":1,"minecraft:leather":5,"minecraft:wooden_pickaxe":1,"minecraft:oak_log":12,"minecraft:string":1,"minecraft:dirt":60,"minecraft:moss_carpet":4,"minecraft:cooked_mutton":5,"minecraft:bone":4,"minecraft:acacia_planks":17,"minecraft:wheat_seeds":7,"minecraft:beef":7,"minecraft:stone_pickaxe":5,"minecraft:moss_block":2,"minecraft:oak_planks":36,"minecraft:furnace":2,"minecraft:raw_iron":2,"minecraft:stick":9,"minecraft:acacia_log":20,"minecraft:porkchop":7,"minecraft:sand":2,"minecraft:white_bed":2,"minecraft:stone_sword":4,"minecraft:arrow":3,"minecraft:rotten_flesh":12,"minecraft:stone_axe":4,"minecraft:gray_wool":1,"minecraft:oak_sapling":5,"minecraft:mutton":9,"minecraft:coal":36,"minecraft:white_wool":5,"minecraft:cobblestone":104},"minecraft:custom":{"minecraft:interact_with_furnace":9,"minecraft:mob_kills":17,"minecraft:interact_with_crafting_table":15,"minecraft:leave_game":4,"minecraft:time_since_death":9840,"minecraft:sleep_in_bed":3,"minecraft:climb_one_cm":19759,"minecraft:time_since_rest":9874,"minecraft:sprint_one_cm":104496,"minecraft:damage_taken":2750,"minecraft:walk_one_cm":130029,"minecraft:drop":1,"minecraft:damage_dealt":1963,"minecraft:swim_one_cm":2112,"minecraft:fly_one_cm":127373,"minecraft:crouch_one_cm":3636,"minecraft:play_time":51321,"minecraft:deaths":9,"minecraft:sneak_time":915,"minecraft:walk_under_water_one_cm":4313,"minecraft:jump":1011,"minecraft:walk_on_water_one_cm":284,"minecraft:total_world_time":51321,"minecraft:fall_one_cm":25452}},"DataVersion":3465}