{"stats":{"minecraft:crafted":{"minecraft:oak_planks":48,"aether:iron_ring":2,"minecraft:cooked_chicken":4,"minecraft:cooked_mutton":2,"minecraft:iron_boots":1,"minecraft:chest":2,"minecraft:wooden_shovel":1,"minecraft:crafting_table":8,"minecraft:spruce_planks":124,"minecraft:iron_helmet":1,"minecraft:wooden_pickaxe":2,"minecraft:birch_planks":32,"minecraft:iron_chestplate":2,"minecraft:shield":5,"minecraft:stick":97,"minecraft:iron_pickaxe":1,"minecraft:iron_ingot":44,"minecraft:stone_sword":1,"minecraft:furnace":3,"minecraft:iron_axe":2,"minecraft:stone_pickaxe":3,"minecraft:dark_oak_planks":48,"minecraft:wheat":63,"minecraft:cooked_beef":8,"minecraft:iron_sword":2,"minecraft:bucket":1,"minecraft:stone_axe":9,"minecraft:bread":21,"minecraft:air":0,"aether:iron_gloves":1,"minecraft:iron_leggings":2,"minecraft:torch":188},"minecraft:picked_up":{"minecraft:birch_door":1,"minecraft:iron_chestplate":31,"minecraft:chainmail_boots":23,"aether:iron_gloves":9,"minecraft:brewing_stand":24,"minecraft:polished_deepslate_wall":1,"minecraft:polished_deepslate":3,"minecraft:string":11,"minecraft:dark_oak_trapdoor":22,"minecraft:red_nether_bricks":4,"minecraft:iron_leggings":3,"minecraft:beetroot_soup":2,"minecraft:beetroot":249,"minecraft:cobbled_deepslate":65,"minecraft:comparator":33,"minecraft:spruce_planks":392,"minecraft:eye_armor_trim_smithing_template":3,"minecraft:rose_bush":2,"minecraft:calcite":106,"minecraft:iron_pickaxe":4,"minecraft:smooth_quartz":3,"minecraft:melon_slice":129,"minecraft:coal_block":4,"minecraft:furnace":4,"minecraft:iron_boots":4,"minecraft:tipped_arrow":1,"minecraft:stick":48,"minecraft:birch_trapdoor":2,"minecraft:torch":219,"minecraft:spruce_stairs":8,"minecraft:porkchop":70,"minecraft:brown_carpet":12,"minecraft:waxed_cut_copper_stairs":1,"minecraft:stone_sword":4,"minecraft:honey_bottle":21,"minecraft:rotten_flesh":386,"aether:chainmail_gloves":1,"aether:iron_ring":4,"minecraft:obsidian":16,"minecraft:iron_bars":1,"minecraft:cobblestone":566,"minecraft:birch_log":10,"minecraft:leather_chestplate":6,"minecraft:feather":18,"minecraft:water_bucket":4,"minecraft:andesite":3,"minecraft:chiseled_quartz_block":2,"minecraft:flint":26,"minecraft:gray_concrete":1,"minecraft:lapis_lazuli":24,"minecraft:mangrove_slab":1,"minecraft:dirt":61,"minecraft:bone":54,"minecraft:acacia_planks":3,"minecraft:bow":7,"minecraft:wheat_seeds":2,"minecraft:raw_gold":39,"minecraft:dark_oak_sign":13,"minecraft:bamboo":234,"minecraft:diamond_helmet":21,"minecraft:cyan_candle":6,"minecraft:glowstone_dust":6,"minecraft:oak_planks":248,"minecraft:cooked_porkchop":3,"minecraft:jungle_planks":6,"minecraft:cyan_bed":74,"minecraft:barrel":1,"minecraft:dark_prismarine":7,"minecraft:light_gray_concrete":6,"minecraft:diamond":21,"minecraft:spruce_boat":7,"minecraft:soul_lantern":1,"minecraft:golden_apple":22,"minecraft:bread":1493,"minecraft:netherrack":33,"minecraft:crafting_table":10,"minecraft:coarse_dirt":24,"minecraft:charcoal":65,"minecraft:azure_bluet":1,"minecraft:clay_ball":8,"minecraft:chicken":4,"minecraft:ladder":1,"minecraft:leather_leggings":10,"minecraft:brown_mushroom":1,"minecraft:wooden_pickaxe":2,"minecraft:shield":16,"minecraft:moss_carpet":1,"minecraft:iron_axe":4,"minecraft:flint_and_steel":2,"minecraft:item_frame":13,"minecraft:cyan_carpet":78,"minecraft:beef":33,"minecraft:player_head":8,"minecraft:lectern":24,"minecraft:piston":64,"minecraft:raw_iron":52,"minecraft:stripped_mangrove_wood":6,"minecraft:bowl":19,"minecraft:cake":29,"minecraft:carrot":289,"minecraft:redstone":192,"minecraft:dark_oak_planks":175,"minecraft:arrow":111,"minecraft:pumpkin_pie":205,"minecraft:hay_block":7,"minecraft:stripped_dark_oak_wood":4,"minecraft:glistering_melon_slice":286,"minecraft:gold_ingot":187,"minecraft:mutton":30,"minecraft:white_wool":15,"minecraft:tripwire_hook":26,"minecraft:leather":35,"minecraft:filled_map":4,"minecraft:mushroom_stew":36,"minecraft:gunpowder":3,"minecraft:cooked_mutton":56,"minecraft:apple":418,"minecraft:gray_carpet":3,"minecraft:iron_ingot":55,"minecraft:stone_pickaxe":59,"minecraft:cooked_chicken":3,"minecraft:stripped_oak_wood":13,"minecraft:glass_bottle":14,"minecraft:iron_sword":12,"minecraft:dark_oak_stairs":2,"minecraft:book":1182,"minecraft:dark_oak_slab":1,"minecraft:sweet_berries":1,"minecraft:spruce_sapling":1,"minecraft:white_bed":14,"minecraft:spruce_log":47,"minecraft:spider_eye":6,"minecraft:slime_ball":3,"minecraft:stone_axe":44,"minecraft:iron_helmet":2,"minecraft:gray_wool":6,"minecraft:dark_oak_wood":8,"minecraft:coal":364,"minecraft:smooth_quartz_slab":1,"minecraft:ender_pearl":2},"minecraft:broken":{"minecraft:leather_leggings":1,"minecraft:stone_axe":1,"minecraft:iron_sword":1,"minecraft:stone_sword":1,"minecraft:shield":2},"minecraft:used":{"minecraft:moss_carpet":1,"minecraft:polished_deepslate":1,"minecraft:chest":2,"minecraft:shield":80,"minecraft:iron_sword":323,"minecraft:rotten_flesh":1,"minecraft:iron_chestplate":4,"minecraft:carrot":2,"minecraft:azure_bluet":1,"minecraft:obsidian":8,"minecraft:spruce_boat":3,"minecraft:lava_bucket":11,"minecraft:item_frame":2,"minecraft:furnace":6,"minecraft:dark_oak_stairs":2,"minecraft:leather_leggings":3,"minecraft:dark_oak_sign":1,"minecraft:stone_pickaxe":215,"minecraft:oak_planks":13,"minecraft:leather_chestplate":2,"minecraft:wooden_pickaxe":8,"minecraft:golden_apple":1,"minecraft:dark_oak_trapdoor":1,"minecraft:light_gray_concrete":2,"minecraft:cyan_bed":7,"minecraft:bread":59,"minecraft:melon_slice":1,"minecraft:cyan_carpet":16,"minecraft:soul_lantern":1,"minecraft:chainmail_boots":3,"minecraft:birch_log":2,"minecraft:waxed_cut_copper_stairs":1,"minecraft:coarse_dirt":14,"minecraft:rose_bush":2,"minecraft:stone_sword":130,"minecraft:flint_and_steel":2,"minecraft:spruce_planks":13,"minecraft:cooked_chicken":5,"minecraft:netherrack":5,"minecraft:torch":121,"minecraft:dirt":35,"minecraft:diamond_helmet":6,"minecraft:dark_oak_planks":22,"minecraft:iron_axe":53,"minecraft:smooth_quartz":2,"minecraft:barrel":1,"minecraft:cooked_beef":8,"minecraft:iron_leggings":1,"minecraft:beetroot_soup":1,"minecraft:calcite":9,"minecraft:cooked_mutton":4,"minecraft:water_bucket":12,"minecraft:red_nether_bricks":1,"minecraft:brown_mushroom":1,"minecraft:crafting_table":14,"minecraft:white_bed":6,"minecraft:cake":3,"minecraft:apple":1,"minecraft:iron_pickaxe":100,"minecraft:stone_axe":203,"minecraft:cobblestone":39,"minecraft:potion":2,"minecraft:porkchop":7,"minecraft:bucket":24,"minecraft:pumpkin_pie":9},"minecraft:killed_by":{"minecraft:ghast":2,"minecraft:wither_skeleton":1,"minecraft:zombie":2,"minecraft:husk":41,"minecraft:skeleton":17},"minecraft:killed":{"minecraft:spider":4,"minecraft:skeleton":18,"minecraft:chicken":4,"minecraft:pig":12,"minecraft:zombie_villager":1,"minecraft:creeper":1,"minecraft:sheep":7,"minecraft:zombie":6,"minecraft:stray":3,"minecraft:cow":12,"minecraft:husk":65},"minecraft:mined":{"minecraft:dark_oak_planks":26,"minecraft:spruce_planks":5,"minecraft:white_bed":7,"minecraft:red_nether_bricks":3,"minecraft:brewing_stand":1,"minecraft:grass_block":6,"minecraft:coal_block":4,"minecraft:spawner":7,"minecraft:dark_oak_trapdoor":1,"minecraft:cobbled_deepslate":1,"minecraft:iron_ore":41,"minecraft:fire":4,"minecraft:barrel":1,"minecraft:moss_carpet":1,"minecraft:stripped_dark_oak_wood":4,"minecraft:azure_bluet":1,"minecraft:dark_oak_stairs":2,"minecraft:light_gray_concrete":8,"minecraft:stripped_mangrove_wood":6,"minecraft:player_head":2,"minecraft:waxed_cut_copper_stairs":1,"minecraft:brown_mushroom":1,"minecraft:soul_fire":28,"minecraft:chiseled_quartz_block":2,"minecraft:clay":1,"minecraft:torch":4,"minecraft:dark_oak_wood":9,"minecraft:calcite":26,"minecraft:melon":1,"minecraft:dead_bush":1,"minecraft:cobblestone":7,"minecraft:cyan_bed":8,"minecraft:oak_planks":2,"minecraft:wall_torch":1,"minecraft:warped_nylium":3,"minecraft:dark_oak_slab":1,"minecraft:light_gray_stained_glass":6,"minecraft:birch_log":11,"minecraft:birch_trapdoor":1,"minecraft:stripped_oak_wood":13,"minecraft:wither_rose":1,"minecraft:grass":9,"minecraft:dirt":19,"minecraft:smooth_quartz":3,"minecraft:tripwire_hook":1,"minecraft:netherrack":1,"minecraft:polished_deepslate_wall":1,"minecraft:deepslate":25,"minecraft:dark_prismarine":1,"minecraft:deepslate_diamond_ore":7,"minecraft:allium":1,"minecraft:jungle_planks":6,"minecraft:spruce_leaves":25,"minecraft:hay_block":7,"minecraft:black_stained_glass_pane":2,"minecraft:furnace":4,"minecraft:andesite":3,"minecraft:polished_deepslate":3,"minecraft:bookshelf":15,"minecraft:deepslate_iron_ore":4,"minecraft:lantern":1,"minecraft:stone":96,"minecraft:podzol":15,"minecraft:gray_concrete":1,"minecraft:crafting_table":8,"minecraft:rose_bush":2,"minecraft:lectern":1,"minecraft:deepslate_gold_ore":13,"minecraft:diorite":1,"minecraft:spruce_stairs":2,"minecraft:coarse_dirt":25,"minecraft:spruce_log":11,"minecraft:birch_leaves":4,"minecraft:mangrove_slab":1,"minecraft:coal_ore":33,"minecraft:cyan_carpet":3,"minecraft:gray_carpet":1,"minecraft:cobweb":1,"minecraft:acacia_planks":3,"minecraft:fern":5},"minecraft:custom":{"minecraft:interact_with_crafting_table":47,"minecraft:open_barrel":27,"minecraft:eat_cake_slice":25,"minecraft:leave_game":6,"minecraft:time_since_death":780,"minecraft:damage_resisted":413,"minecraft:sprint_one_cm":734812,"minecraft:damage_blocked_by_shield":4320,"minecraft:drop":74,"minecraft:play_noteblock":1,"minecraft:play_time":178008,"minecraft:deaths":77,"minecraft:jump":3904,"minecraft:walk_on_water_one_cm":23611,"minecraft:interact_with_furnace":30,"minecraft:sleep_in_bed":2,"minecraft:damage_dealt":30009,"minecraft:player_kills":1,"minecraft:crouch_one_cm":36782,"minecraft:inspect_dispenser":1,"minecraft:mob_kills":136,"minecraft:damage_dealt_resisted":276,"minecraft:climb_one_cm":28166,"minecraft:walk_one_cm":341218,"minecraft:sneak_time":17038,"minecraft:walk_under_water_one_cm":6523,"minecraft:boat_one_cm":74868,"minecraft:interact_with_blast_furnace":4,"minecraft:total_world_time":178008,"minecraft:tune_noteblock":5,"minecraft:time_since_rest":804,"minecraft:damage_taken":28362,"minecraft:damage_absorbed":40,"minecraft:swim_one_cm":49476,"minecraft:fly_one_cm":634457,"minecraft:open_chest":60,"minecraft:fall_one_cm":140294},"minecraft:dropped":{"minecraft:stripped_mangrove_wood":6,"minecraft:glass_bottle":4,"minecraft:dark_oak_slab":1,"minecraft:item_frame":3,"minecraft:dirt":5,"minecraft:gray_concrete":1,"minecraft:mangrove_slab":1,"minecraft:cyan_carpet":6,"minecraft:bone":9,"minecraft:stone_axe":4,"minecraft:rotten_flesh":105,"minecraft:oak_planks":20,"minecraft:honey_bottle":1,"minecraft:leather_chestplate":1,"minecraft:gunpowder":2,"minecraft:birch_trapdoor":1,"minecraft:birch_door":1,"minecraft:bread":73,"minecraft:wheat_seeds":1,"minecraft:cobblestone":8,"minecraft:spruce_stairs":2,"minecraft:stick":1,"minecraft:brewing_stand":1,"minecraft:torch":1,"minecraft:smooth_quartz_slab":1,"minecraft:player_head":1,"minecraft:chiseled_quartz_block":2,"minecraft:dark_oak_sign":3,"minecraft:bowl":3,"minecraft:clay_ball":8,"minecraft:light_gray_concrete":1,"aether:chainmail_gloves":1,"minecraft:spruce_planks":29,"minecraft:wooden_shovel":1,"minecraft:spruce_log":16,"minecraft:stone_pickaxe":1,"minecraft:wooden_pickaxe":1,"minecraft:calcite":17,"minecraft:dark_prismarine":2}},"DataVersion":3465}