{"stats":{"minecraft:used":{"minecraft:azalea":2,"minecraft:stone_sword":41,"minecraft:acacia_log":1,"minecraft:tropical_fish":1,"minecraft:ladder":1,"minecraft:chest":2,"minecraft:shield":28,"minecraft:cooked_chicken":3,"minecraft:rotten_flesh":1,"minecraft:iron_chestplate":1,"minecraft:torch":45,"minecraft:dirt":51,"minecraft:carrot":5,"minecraft:acacia_sapling":1,"minecraft:milk_bucket":1,"minecraft:iron_axe":67,"minecraft:iron_boots":1,"minecraft:furnace":12,"minecraft:oak_sapling":8,"minecraft:egg":6,"minecraft:cobbled_deepslate":11,"minecraft:acacia_planks":10,"minecraft:cooked_mutton":10,"minecraft:water_bucket":2,"minecraft:stone_pickaxe":287,"minecraft:wooden_pickaxe":57,"minecraft:sand":5,"minecraft:crafting_table":19,"minecraft:white_bed":5,"minecraft:bread":15,"minecraft:iron_pickaxe":177,"travelersbackpack:white_sleeping_bag":3,"minecraft:stone_axe":182,"minecraft:cobblestone":71,"minecraft:cooked_porkchop":9,"minecraft:porkchop":1,"minecraft:bucket":5,"minecraft:andesite":20},"minecraft:dropped":{"minecraft:iron_ingot":8,"minecraft:iron_sword":1,"minecraft:wheat_seeds":6,"minecraft:oak_log":18,"minecraft:cobblestone":22,"minecraft:apple":15,"minecraft:dirt":17,"minecraft:flowering_azalea":1,"minecraft:iron_axe":2,"minecraft:string":1,"minecraft:white_wool":1,"minecraft:gravel":2,"minecraft:rotten_flesh":3,"minecraft:light_gray_wool":1,"minecraft:clay_ball":88,"minecraft:big_dripleaf":1,"minecraft:acacia_sapling":2,"minecraft:stone_pickaxe":1,"minecraft:egg":1},"minecraft:broken":{"minecraft:stone_pickaxe":1,"minecraft:stone_axe":1},"minecraft:custom":{"minecraft:mob_kills":96,"minecraft:interact_with_crafting_table":39,"minecraft:open_barrel":16,"minecraft:leave_game":6,"minecraft:time_since_death":39617,"minecraft:climb_one_cm":9113,"minecraft:sprint_one_cm":485742,"minecraft:walk_one_cm":185999,"minecraft:damage_blocked_by_shield":2160,"minecraft:drop":37,"minecraft:talked_to_villager":9,"minecraft:play_time":148540,"minecraft:deaths":9,"minecraft:sneak_time":14117,"minecraft:walk_under_water_one_cm":11047,"minecraft:jump":4052,"minecraft:walk_on_water_one_cm":16785,"minecraft:total_world_time":148540,"minecraft:interact_with_furnace":72,"minecraft:sleep_in_bed":7,"minecraft:time_since_rest":13600,"minecraft:damage_taken":4574,"minecraft:damage_dealt":11697,"minecraft:swim_one_cm":56877,"minecraft:fly_one_cm":748140,"minecraft:player_kills":1,"minecraft:open_chest":26,"minecraft:crouch_one_cm":33815,"minecraft:fall_one_cm":145626},"minecraft:picked_up":{"minecraft:coarse_dirt":16,"minecraft:iron_chestplate":2,"minecraft:crafting_table":20,"minecraft:wheat":5,"minecraft:chicken":6,"minecraft:ladder":1,"minecraft:clay_ball":264,"minecraft:wooden_pickaxe":3,"minecraft:shield":4,"minecraft:string":4,"minecraft:iron_axe":2,"minecraft:moss_carpet":4,"minecraft:iron_leggings":1,"minecraft:iron_shovel":3,"minecraft:blackstone":27,"minecraft:cobbled_deepslate":14,"minecraft:beef":14,"minecraft:azalea":2,"minecraft:iron_pickaxe":2,"minecraft:light_gray_wool":1,"minecraft:sugar_cane":4,"minecraft:chest":3,"minecraft:iron_boots":1,"minecraft:furnace":11,"minecraft:egg":1,"minecraft:raw_iron":50,"minecraft:stick":17,"minecraft:big_dripleaf":2,"minecraft:torch":48,"minecraft:acacia_log":28,"minecraft:porkchop":86,"minecraft:redstone":27,"minecraft:stone_sword":5,"minecraft:arrow":47,"minecraft:rotten_flesh":46,"minecraft:tropical_fish":1,"minecraft:mutton":59,"aether:white_cape":1,"minecraft:white_wool":40,"minecraft:cobblestone":201,"minecraft:magma_block":10,"minecraft:feather":44,"minecraft:glow_ink_sac":6,"minecraft:water_bucket":1,"minecraft:andesite":85,"minecraft:brown_wool":1,"minecraft:leather":25,"minecraft:oak_log":166,"minecraft:lapis_lazuli":30,"minecraft:dirt":147,"minecraft:white_banner":1,"minecraft:cooked_mutton":22,"minecraft:bone":28,"minecraft:apple":15,"minecraft:acacia_planks":78,"minecraft:bow":2,"minecraft:wheat_seeds":9,"minecraft:raw_gold":30,"minecraft:iron_ingot":16,"minecraft:stone_pickaxe":5,"minecraft:moss_block":3,"minecraft:iron_sword":1,"minecraft:stone_hoe":3,"minecraft:acacia_sapling":3,"minecraft:oak_planks":6,"minecraft:flowering_azalea":3,"minecraft:smooth_basalt":2,"minecraft:cooked_porkchop":2,"minecraft:sweet_berries":2,"minecraft:gravel":2,"minecraft:sand":8,"minecraft:spruce_sapling":10,"minecraft:white_bed":5,"minecraft:spruce_log":5,"minecraft:mossy_cobblestone":1,"travelersbackpack:white_sleeping_bag":1,"minecraft:sugar":1,"minecraft:diamond":4,"minecraft:stone_axe":7,"minecraft:iron_helmet":2,"minecraft:oak_sapling":10,"minecraft:black_wool":1,"minecraft:coal":310},"minecraft:killed_by":{"minecraft:creeper":2,"minecraft:skeleton":4,"minecraft:zombie":1},"minecraft:mined":{"minecraft:white_bed":4,"minecraft:jungle_leaves":3,"minecraft:ladder":1,"minecraft:acacia_log":9,"minecraft:grass_block":36,"travelersbackpack:white_sleeping_bag":1,"minecraft:spruce_leaves":22,"minecraft:furnace":9,"minecraft:iron_ore":27,"minecraft:fire":2,"minecraft:andesite":38,"minecraft:moss_carpet":1,"minecraft:deepslate_lapis_ore":1,"minecraft:vine":1,"minecraft:deepslate_iron_ore":19,"minecraft:azalea":2,"minecraft:stone":157,"minecraft:deepslate_redstone_ore":4,"minecraft:acacia_leaves":5,"minecraft:blackstone":2,"minecraft:clay":24,"minecraft:crafting_table":15,"minecraft:torch":2,"minecraft:chest":4,"minecraft:dead_bush":7,"minecraft:cobblestone":2,"minecraft:tall_grass":30,"minecraft:deepslate_coal_ore":2,"minecraft:deepslate_gold_ore":18,"minecraft:grass":39,"minecraft:coal_ore":176,"minecraft:oak_log":44,"minecraft:gravel":1,"minecraft:sand":6,"minecraft:dirt":39,"minecraft:smooth_basalt":1,"minecraft:gold_ore":7,"minecraft:oak_leaves":44,"minecraft:deepslate":13,"minecraft:fern":4},"minecraft:crafted":{"minecraft:oak_planks":88,"minecraft:cooked_chicken":3,"minecraft:furnace":6,"minecraft:cooked_mutton":16,"travelersbackpack:white_sleeping_bag":2,"minecraft:iron_boots":1,"minecraft:iron_axe":2,"minecraft:stone_pickaxe":3,"minecraft:chest":1,"minecraft:cooked_porkchop":14,"minecraft:crafting_table":6,"minecraft:wooden_pickaxe":3,"minecraft:iron_helmet":1,"minecraft:bucket":2,"minecraft:stone_axe":4,"minecraft:air":0,"minecraft:iron_chestplate":1,"minecraft:shield":3,"minecraft:stick":40,"minecraft:iron_ingot":36,"minecraft:iron_pickaxe":2,"minecraft:stone_sword":2,"minecraft:iron_leggings":1,"aether:white_cape":1,"minecraft:white_bed":2,"minecraft:acacia_planks":68,"minecraft:torch":56},"minecraft:killed":{"minecraft:spider":4,"minecraft:skeleton":11,"minecraft:chicken":7,"minecraft:pig":20,"minecraft:sheep":26,"minecraft:pillager":4,"minecraft:zombie":19,"minecraft:cow":5}},"DataVersion":3465}