{"stats":{"minecraft:used":{"minecraft:azalea":2,"minecraft:stone_sword":41,"minecraft:acacia_log":1,"minecraft:tropical_fish":1,"minecraft:ladder":1,"minecraft:shield":18,"minecraft:cooked_chicken":3,"minecraft:rotten_flesh":1,"minecraft:iron_chestplate":1,"minecraft:torch":43,"minecraft:dirt":44,"minecraft:acacia_sapling":1,"minecraft:iron_axe":19,"minecraft:furnace":12,"minecraft:oak_sapling":8,"minecraft:acacia_planks":10,"minecraft:cooked_mutton":10,"minecraft:water_bucket":2,"minecraft:stone_pickaxe":287,"minecraft:wooden_pickaxe":57,"minecraft:sand":3,"minecraft:crafting_table":18,"minecraft:white_bed":4,"minecraft:iron_pickaxe":84,"travelersbackpack:white_sleeping_bag":3,"minecraft:stone_axe":182,"minecraft:cobblestone":7,"minecraft:cooked_porkchop":9,"minecraft:porkchop":1,"minecraft:bucket":4,"minecraft:andesite":20},"minecraft:dropped":{"minecraft:iron_ingot":8,"minecraft:wheat_seeds":6,"minecraft:oak_log":18,"minecraft:cobblestone":16,"minecraft:dirt":1,"minecraft:flowering_azalea":1,"minecraft:string":1,"minecraft:rotten_flesh":1,"minecraft:light_gray_wool":1,"minecraft:big_dripleaf":1,"minecraft:stone_pickaxe":1,"minecraft:egg":1},"minecraft:broken":{"minecraft:stone_pickaxe":1,"minecraft:stone_axe":1},"minecraft:custom":{"minecraft:mob_kills":82,"minecraft:interact_with_crafting_table":34,"minecraft:leave_game":5,"minecraft:time_since_death":2989,"minecraft:climb_one_cm":8586,"minecraft:sprint_one_cm":353256,"minecraft:walk_one_cm":136432,"minecraft:damage_blocked_by_shield":1350,"minecraft:drop":23,"minecraft:play_time":111912,"minecraft:deaths":9,"minecraft:sneak_time":12806,"minecraft:walk_under_water_one_cm":10024,"minecraft:jump":3099,"minecraft:walk_on_water_one_cm":14141,"minecraft:total_world_time":111912,"minecraft:interact_with_furnace":63,"minecraft:sleep_in_bed":3,"minecraft:time_since_rest":3015,"minecraft:damage_taken":3980,"minecraft:damage_dealt":8873,"minecraft:swim_one_cm":33726,"minecraft:fly_one_cm":580355,"minecraft:player_kills":1,"minecraft:crouch_one_cm":31087,"minecraft:fall_one_cm":116436},"minecraft:picked_up":{"minecraft:crafting_table":18,"minecraft:chicken":6,"minecraft:ladder":1,"minecraft:clay_ball":52,"minecraft:wooden_pickaxe":3,"minecraft:shield":2,"minecraft:string":2,"minecraft:moss_carpet":4,"minecraft:iron_shovel":1,"minecraft:blackstone":1,"minecraft:cobbled_deepslate":3,"minecraft:beef":11,"minecraft:azalea":2,"minecraft:light_gray_wool":1,"minecraft:sugar_cane":2,"minecraft:furnace":8,"minecraft:egg":1,"minecraft:raw_iron":49,"minecraft:stick":15,"minecraft:big_dripleaf":2,"minecraft:torch":40,"minecraft:acacia_log":28,"minecraft:porkchop":77,"minecraft:redstone":18,"minecraft:stone_sword":3,"minecraft:arrow":28,"minecraft:rotten_flesh":26,"minecraft:tropical_fish":1,"minecraft:mutton":52,"minecraft:white_wool":34,"minecraft:cobblestone":146,"minecraft:magma_block":9,"minecraft:feather":36,"minecraft:glow_ink_sac":6,"minecraft:andesite":85,"minecraft:brown_wool":1,"minecraft:leather":20,"minecraft:oak_log":63,"minecraft:lapis_lazuli":7,"minecraft:dirt":95,"minecraft:cooked_mutton":16,"minecraft:bone":12,"minecraft:acacia_planks":60,"minecraft:wheat_seeds":6,"minecraft:raw_gold":25,"minecraft:iron_ingot":10,"minecraft:stone_pickaxe":3,"minecraft:moss_block":1,"minecraft:acacia_sapling":1,"minecraft:oak_planks":6,"minecraft:flowering_azalea":3,"minecraft:smooth_basalt":2,"minecraft:cooked_porkchop":2,"minecraft:sand":7,"minecraft:spruce_sapling":6,"minecraft:white_bed":2,"travelersbackpack:white_sleeping_bag":1,"minecraft:stone_axe":5,"minecraft:oak_sapling":10,"minecraft:black_wool":1,"minecraft:coal":301},"minecraft:killed_by":{"minecraft:creeper":2,"minecraft:skeleton":4,"minecraft:zombie":1},"minecraft:mined":{"minecraft:white_bed":2,"minecraft:jungle_leaves":3,"minecraft:ladder":1,"minecraft:acacia_log":9,"minecraft:grass_block":36,"travelersbackpack:white_sleeping_bag":1,"minecraft:spruce_leaves":22,"minecraft:furnace":7,"minecraft:iron_ore":27,"minecraft:fire":2,"minecraft:andesite":38,"minecraft:moss_carpet":1,"minecraft:deepslate_lapis_ore":1,"minecraft:vine":1,"minecraft:deepslate_iron_ore":19,"minecraft:azalea":2,"minecraft:stone":102,"minecraft:deepslate_redstone_ore":4,"minecraft:acacia_leaves":5,"minecraft:blackstone":1,"minecraft:clay":6,"minecraft:crafting_table":14,"minecraft:torch":2,"minecraft:dead_bush":7,"minecraft:cobblestone":2,"minecraft:tall_grass":28,"minecraft:deepslate_coal_ore":2,"minecraft:deepslate_gold_ore":18,"minecraft:grass":36,"minecraft:coal_ore":176,"minecraft:oak_log":44,"minecraft:sand":5,"minecraft:dirt":33,"minecraft:smooth_basalt":1,"minecraft:gold_ore":7,"minecraft:oak_leaves":44,"minecraft:deepslate":3,"minecraft:fern":3},"minecraft:crafted":{"minecraft:oak_planks":68,"minecraft:cooked_chicken":3,"minecraft:furnace":6,"minecraft:cooked_mutton":16,"travelersbackpack:white_sleeping_bag":2,"minecraft:iron_axe":1,"minecraft:stone_pickaxe":3,"minecraft:cooked_porkchop":14,"minecraft:crafting_table":5,"minecraft:wooden_pickaxe":3,"minecraft:iron_helmet":1,"minecraft:bucket":2,"minecraft:stone_axe":4,"minecraft:air":0,"minecraft:iron_chestplate":1,"minecraft:shield":3,"minecraft:stick":32,"minecraft:iron_ingot":32,"minecraft:iron_pickaxe":2,"minecraft:stone_sword":2,"aether:white_cape":1,"minecraft:white_bed":2,"minecraft:acacia_planks":68,"minecraft:torch":44},"minecraft:killed":{"minecraft:spider":2,"minecraft:skeleton":9,"minecraft:chicken":7,"minecraft:pig":20,"minecraft:sheep":25,"minecraft:zombie":14,"minecraft:cow":5}},"DataVersion":3465}