{"stats":{"minecraft:picked_up":{"minecraft:iron_chestplate":2,"minecraft:iron_trapdoor":2,"minecraft:flower_pot":27,"minecraft:diamond_sword":24,"minecraft:potion":10,"minecraft:enchanted_book":1,"minecraft:gilded_blackstone":3,"minecraft:nether_brick":56,"minecraft:knowledge_book":2,"minecraft:polished_blackstone_brick_stairs":3,"minecraft:string":109,"minecraft:soul_soil":23,"minecraft:experience_bottle":30,"minecraft:sea_pickle":5,"minecraft:cobbled_deepslate":13,"minecraft:diamond_leggings":25,"minecraft:gold_nugget":22,"minecraft:bucket":2,"minecraft:spruce_planks":1,"minecraft:ender_eye":176,"minecraft:iron_pickaxe":2,"minecraft:furnace":14,"minecraft:iron_boots":1,"minecraft:golden_helmet":1,"minecraft:stick":209,"minecraft:composter":2,"minecraft:torch":123,"minecraft:acacia_log":60,"minecraft:porkchop":55,"minecraft:stone_sword":4,"minecraft:rotten_flesh":60,"minecraft:end_rod":1,"minecraft:blaze_rod":8,"minecraft:obsidian":67,"minecraft:snowball":5,"minecraft:cobblestone":179,"minecraft:magma_block":10,"minecraft:cooked_beef":46,"minecraft:iron_door":3,"minecraft:birch_slab":1,"minecraft:water_bucket":4,"minecraft:jungle_log":243,"minecraft:golden_leggings":1,"minecraft:tuff":19,"minecraft:wither_skeleton_skull":3,"travelersbackpack:gold_tier_upgrade":1,"minecraft:lapis_lazuli":168,"minecraft:dirt":107,"minecraft:name_tag":7,"minecraft:purple_carpet":3,"minecraft:bone":60,"minecraft:acacia_planks":25,"minecraft:bow":43,"minecraft:wheat_seeds":9,"minecraft:raw_gold":90,"minecraft:diamond_helmet":18,"minecraft:oak_planks":88,"minecraft:chiseled_polished_blackstone":1,"minecraft:cooked_porkchop":14,"minecraft:jungle_planks":21,"minecraft:spectral_arrow":2153,"minecraft:quartz_bricks":129,"minecraft:snout_armor_trim_smithing_template":1,"minecraft:yellow_carpet":11,"minecraft:diamond":63,"minecraft:cracked_polished_blackstone_bricks":54,"minecraft:golden_apple":4,"minecraft:emerald":16,"minecraft:bread":1018,"minecraft:plenty_pottery_sherd":1,"minecraft:oak_sapling":1,"minecraft:netherrack":128,"minecraft:andesite_slab":4,"minecraft:crimson_roots":6,"minecraft:diamond_pickaxe":28,"minecraft:shelter_pottery_sherd":1,"minecraft:fishing_rod":5,"minecraft:cocoa_beans":32,"minecraft:coarse_dirt":12,"minecraft:crafting_table":12,"minecraft:splash_potion":2,"minecraft:golden_pickaxe":1,"minecraft:wooden_pickaxe":1,"minecraft:gold_block":7,"minecraft:chain":6,"minecraft:brick":3,"minecraft:shield":16,"minecraft:iron_axe":3,"minecraft:flint_and_steel":20,"minecraft:blackstone":494,"minecraft:cracked_stone_bricks":16,"minecraft:beef":65,"minecraft:oak_boat":4,"minecraft:jungle_sapling":5,"minecraft:iron_nugget":48,"minecraft:chest":3,"minecraft:quartz_stairs":2,"minecraft:sugar_cane":210,"minecraft:raw_iron":98,"minecraft:sandstone":2,"minecraft:end_stone":16,"minecraft:fire_charge":16,"minecraft:polished_blackstone_bricks":127,"minecraft:blue_carpet":4,"minecraft:tnt":4,"minecraft:arrow":661,"minecraft:diamond_chestplate":15,"minecraft:nether_bricks":73,"minecraft:diamond_boots":14,"minecraft:gold_ingot":189,"minecraft:glow_berries":19,"minecraft:mutton":28,"minecraft:bone_block":6,"minecraft:rail":2,"minecraft:white_wool":27,"minecraft:basalt":14,"minecraft:golden_carrot":150,"minecraft:leather":97,"minecraft:oak_log":37,"minecraft:lily_pad":1,"minecraft:gunpowder":1,"minecraft:orange_terracotta":1,"minecraft:cooked_mutton":50,"minecraft:red_carpet":7,"minecraft:apple":96,"minecraft:stone_bricks":10,"minecraft:iron_ingot":180,"minecraft:stone_pickaxe":5,"minecraft:gray_bed":27,"minecraft:iron_sword":3,"minecraft:flowering_azalea":1,"minecraft:acacia_sapling":2,"minecraft:soul_sand":58,"minecraft:book":604,"minecraft:smooth_basalt":23,"minecraft:sweet_berries":200,"minecraft:quartz":136,"minecraft:gravel":147,"minecraft:lava_bucket":14,"minecraft:birch_stairs":2,"minecraft:amethyst_shard":1,"minecraft:white_bed":5,"minecraft:crying_obsidian":61,"minecraft:spruce_door":4,"minecraft:spider_eye":3,"minecraft:stone_axe":4,"minecraft:iron_helmet":1,"minecraft:diamond_axe":7,"minecraft:birch_sign":1,"minecraft:acacia_slab":16,"minecraft:black_wool":1,"minecraft:coal":148,"minecraft:ender_pearl":18},"minecraft:killed":{"minecraft:witch":1,"minecraft:spider":3,"minecraft:skeleton":27,"minecraft:piglin_brute":2,"minecraft:piglin":6,"minecraft:pig":8,"minecraft:zombie_villager":1,"minecraft:ender_dragon":1,"minecraft:creeper":2,"minecraft:sheep":9,"minecraft:pillager":9,"minecraft:zombie":19,"minecraft:ghast":1,"minecraft:cow":17,"minecraft:blaze":13,"minecraft:evoker":3,"minecraft:vex":22,"minecraft:vindicator":1,"minecraft:hoglin":5,"minecraft:wither_skeleton":15,"minecraft:enderman":3},"minecraft:killed_by":{"minecraft:evoker":1,"minecraft:creeper":1,"minecraft:vindicator":1,"minecraft:piglin":1,"minecraft:vex":28,"minecraft:player":1,"minecraft:enderman":2,"minecraft:hoglin":1,"minecraft:skeleton":2},"minecraft:mined":{"minecraft:white_bed":4,"minecraft:potted_crimson_roots":1,"minecraft:jungle_leaves":13,"minecraft:chiseled_polished_blackstone":1,"minecraft:acacia_log":31,"minecraft:grass_block":3,"minecraft:yellow_carpet":1,"minecraft:jungle_log":211,"minecraft:cracked_polished_blackstone_bricks":44,"minecraft:soul_soil":22,"minecraft:composter":2,"minecraft:gilded_blackstone":3,"minecraft:chiseled_stone_bricks":1,"minecraft:spawner":2,"minecraft:polished_blackstone_bricks":91,"minecraft:magma_block":5,"minecraft:iron_ore":34,"minecraft:fire":21,"minecraft:deepslate_lapis_ore":8,"minecraft:cave_vines":2,"minecraft:flowering_azalea_leaves":3,"minecraft:birch_wall_sign":1,"minecraft:azalea_leaves":3,"minecraft:blackstone":163,"minecraft:orange_terracotta":1,"minecraft:torch":30,"minecraft:chest":3,"minecraft:dead_bush":22,"minecraft:nether_quartz_ore":82,"minecraft:cobblestone":26,"minecraft:sugar_cane":61,"minecraft:oak_planks":67,"minecraft:iron_door":3,"minecraft:wall_torch":10,"minecraft:seagrass":1,"minecraft:chain":3,"minecraft:tnt":4,"minecraft:grass":60,"minecraft:oak_log":37,"minecraft:dirt":8,"minecraft:smooth_basalt":10,"minecraft:wither_skeleton_skull":1,"minecraft:netherrack":148,"minecraft:oak_leaves":10,"minecraft:deepslate":4,"minecraft:quartz_stairs":2,"minecraft:deepslate_diamond_ore":37,"minecraft:stripped_birch_log":1,"minecraft:end_stone":20,"minecraft:nether_bricks":44,"minecraft:chiseled_bookshelf":71,"minecraft:decorated_pot":2,"minecraft:jungle_planks":1,"minecraft:birch_slab":1,"minecraft:sandstone":2,"minecraft:furnace":6,"minecraft:jungle_sapling":1,"minecraft:gold_block":5,"minecraft:bookshelf":15,"minecraft:deepslate_iron_ore":31,"minecraft:vine":34,"minecraft:stone":64,"minecraft:birch_stairs":5,"minecraft:acacia_leaves":14,"minecraft:infested_stone_bricks":2,"minecraft:basalt":13,"minecraft:spruce_door":3,"minecraft:crafting_table":8,"minecraft:cyan_stained_glass_pane":2,"minecraft:andesite_slab":1,"minecraft:tall_grass":27,"minecraft:quartz_bricks":124,"minecraft:lapis_ore":2,"minecraft:deepslate_gold_ore":53,"minecraft:lily_pad":1,"minecraft:polished_blackstone_brick_stairs":2,"minecraft:sea_pickle":1,"minecraft:sweet_berry_bush":4,"minecraft:gray_bed":12,"minecraft:coal_ore":34,"minecraft:end_rod":2,"minecraft:flower_pot":1,"minecraft:cracked_stone_bricks":4,"minecraft:acacia_planks":4,"minecraft:stone_bricks":4,"minecraft:gold_ore":2,"minecraft:birch_fence":2,"minecraft:fern":2},"minecraft:dropped":{"minecraft:soul_sand":17,"minecraft:golden_pickaxe":1,"minecraft:netherite_upgrade_smithing_template":1,"minecraft:leather":1,"minecraft:cracked_stone_bricks":3,"minecraft:birch_slab":1,"minecraft:emerald":18,"minecraft:cracked_polished_blackstone_bricks":15,"minecraft:dirt":1,"minecraft:polished_blackstone_brick_stairs":1,"minecraft:snout_armor_trim_smithing_template":1,"minecraft:gilded_blackstone":2,"minecraft:polished_blackstone_bricks":65,"minecraft:white_wool":1,"minecraft:birch_stairs":2,"minecraft:gold_ingot":215,"minecraft:gravel":120,"minecraft:stone_axe":1,"minecraft:blackstone":103,"minecraft:sugar_cane":116,"minecraft:iron_nugget":24,"minecraft:cobbled_deepslate":5,"minecraft:nether_brick":28,"aether:golden_gloves":1,"minecraft:obsidian":30,"minecraft:rotten_flesh":46,"minecraft:cooked_mutton":9,"minecraft:acacia_sapling":2,"minecraft:basalt":2,"minecraft:arrow":18,"minecraft:crying_obsidian":30,"minecraft:quartz":101,"minecraft:netherrack":17,"minecraft:enchanted_book":5,"minecraft:water_bucket":1,"minecraft:bread":56,"minecraft:wheat_seeds":9,"minecraft:golden_helmet":1,"minecraft:cobblestone":33,"minecraft:book":64,"minecraft:acacia_log":46,"minecraft:yellow_carpet":4,"minecraft:coal":2,"minecraft:iron_block":4,"minecraft:iron_trapdoor":2,"minecraft:diamond_helmet":1,"minecraft:potion":6,"minecraft:iron_axe":1,"minecraft:blue_carpet":2,"minecraft:bucket":1,"minecraft:smooth_basalt":17,"minecraft:soul_soil":4,"minecraft:coarse_dirt":6,"minecraft:blaze_rod":1,"minecraft:cocoa_beans":6,"minecraft:nether_bricks":16,"minecraft:shield":2,"minecraft:flower_pot":17,"minecraft:spruce_planks":1,"minecraft:iron_chestplate":1,"minecraft:golden_leggings":1,"minecraft:spider_eye":2,"minecraft:birch_sign":1,"minecraft:stone_bricks":1,"minecraft:sandstone":2,"minecraft:stone_pickaxe":1,"minecraft:wooden_pickaxe":1,"minecraft:magma_block":10,"minecraft:brick":3},"minecraft:custom":{"minecraft:interact_with_crafting_table":45,"minecraft:open_barrel":1,"minecraft:leave_game":6,"minecraft:time_since_death":2694,"minecraft:sprint_one_cm":1104743,"minecraft:damage_blocked_by_shield":12133,"minecraft:drop":192,"minecraft:talked_to_villager":48,"minecraft:play_time":313752,"minecraft:deaths":38,"minecraft:jump":7360,"minecraft:walk_on_water_one_cm":124900,"minecraft:enchant_item":7,"minecraft:interact_with_furnace":125,"minecraft:traded_with_villager":94,"minecraft:sleep_in_bed":8,"minecraft:damage_dealt":25709,"minecraft:player_kills":1,"minecraft:crouch_one_cm":64759,"minecraft:interact_with_anvil":2,"minecraft:mob_kills":174,"minecraft:climb_one_cm":8258,"minecraft:walk_one_cm":498605,"minecraft:sneak_time":27093,"minecraft:walk_under_water_one_cm":252954,"minecraft:boat_one_cm":14445,"minecraft:interact_with_blast_furnace":4,"minecraft:total_world_time":313752,"minecraft:time_since_rest":2729,"minecraft:damage_taken":18626,"minecraft:trigger_trapped_chest":1,"minecraft:swim_one_cm":418140,"minecraft:fly_one_cm":1235019,"minecraft:open_chest":259,"minecraft:fall_one_cm":208217},"minecraft:used":{"minecraft:chest":5,"minecraft:shield":184,"minecraft:iron_sword":3,"minecraft:iron_chestplate":2,"minecraft:soul_sand":3,"minecraft:jungle_planks":1,"minecraft:nether_bricks":1,"minecraft:obsidian":15,"minecraft:snowball":5,"minecraft:milk_bucket":3,"minecraft:jungle_sapling":5,"minecraft:lava_bucket":92,"minecraft:bow":252,"minecraft:oak_sapling":1,"minecraft:furnace":8,"minecraft:gray_bed":6,"minecraft:chiseled_polished_blackstone":1,"minecraft:end_rod":1,"minecraft:diamond_boots":4,"minecraft:spruce_door":1,"minecraft:oak_planks":53,"minecraft:stone_pickaxe":58,"minecraft:ender_pearl":1,"minecraft:blackstone":147,"minecraft:wooden_pickaxe":21,"minecraft:composter":2,"minecraft:sugar_cane":7,"minecraft:diamond_axe":438,"minecraft:glow_berries":28,"minecraft:end_stone":16,"minecraft:crying_obsidian":5,"minecraft:bread":70,"minecraft:iron_door":1,"minecraft:diamond_sword":431,"minecraft:oak_boat":4,"minecraft:coarse_dirt":6,"minecraft:bone_meal":9,"minecraft:stone_sword":47,"minecraft:enchanting_table":1,"minecraft:flint_and_steel":16,"minecraft:netherrack":110,"minecraft:torch":255,"minecraft:dirt":31,"minecraft:anvil":1,"minecraft:diamond_helmet":6,"minecraft:iron_axe":198,"minecraft:jungle_log":20,"minecraft:polished_blackstone_brick_stairs":1,"minecraft:smooth_basalt":6,"minecraft:diamond_chestplate":3,"minecraft:basalt":11,"minecraft:cooked_beef":35,"minecraft:cobbled_deepslate":2,"minecraft:acacia_planks":4,"minecraft:quartz_bricks":73,"minecraft:cooked_mutton":20,"minecraft:water_bucket":44,"minecraft:polished_blackstone_bricks":20,"minecraft:rail":2,"minecraft:crafting_table":13,"minecraft:white_bed":3,"minecraft:ender_eye":23,"minecraft:diamond_pickaxe":677,"minecraft:apple":2,"minecraft:cracked_polished_blackstone_bricks":27,"minecraft:iron_pickaxe":358,"minecraft:stone_axe":44,"minecraft:fishing_rod":16,"minecraft:cobblestone":68,"minecraft:bucket":138,"minecraft:cooked_porkchop":13,"minecraft:purple_carpet":1,"minecraft:diamond_leggings":11},"minecraft:broken":{"aether:golden_gloves":2,"minecraft:shield":4,"minecraft:iron_axe":1,"minecraft:iron_pickaxe":1},"minecraft:crafted":{"minecraft:smooth_stone":3,"minecraft:oak_planks":148,"minecraft:acacia_pressure_plate":1,"minecraft:blaze_powder":14,"aether:golden_gloves":1,"minecraft:cooked_mutton":7,"minecraft:diamond_helmet":1,"minecraft:diamond_leggings":1,"minecraft:bow":2,"minecraft:chest":2,"minecraft:ender_eye":15,"minecraft:arrow":16,"minecraft:emerald":73,"minecraft:cooked_porkchop":17,"minecraft:crafting_table":5,"minecraft:diamond_axe":2,"minecraft:wooden_pickaxe":1,"minecraft:iron_helmet":1,"minecraft:book":1,"minecraft:iron_chestplate":2,"minecraft:paper":3,"minecraft:diamond_pickaxe":1,"minecraft:shield":6,"minecraft:stick":1637,"minecraft:iron_ingot":55,"minecraft:iron_pickaxe":2,"minecraft:stone_sword":1,"minecraft:gold_ingot":124,"minecraft:furnace":2,"minecraft:bone_meal":9,"minecraft:iron_axe":1,"minecraft:stone_pickaxe":1,"minecraft:diamond_boots":1,"minecraft:cooked_beef":29,"minecraft:diamond_sword":1,"minecraft:iron_sword":5,"minecraft:bucket":3,"minecraft:stone_axe":1,"minecraft:enchanted_book":4,"minecraft:air":0,"minecraft:bread":96,"minecraft:jungle_planks":780,"minecraft:oak_boat":2,"minecraft:anvil":1,"minecraft:white_bed":1,"minecraft:acacia_planks":32,"minecraft:torch":172,"minecraft:diamond_chestplate":1}},"DataVersion":3465}