{"stats":{"minecraft:crafted":{"minecraft:oak_planks":312,"minecraft:cobblestone_slab":6,"minecraft:stone_shovel":4,"minecraft:bamboo_fence":3,"minecraft:furnace":1,"minecraft:mushroom_stew":1,"minecraft:bamboo_door":3,"minecraft:suspicious_stew":8,"minecraft:flint_and_steel":1,"minecraft:bamboo_block":336,"minecraft:glass":8,"minecraft:bow":2,"minecraft:bamboo_fence_gate":3,"minecraft:stone_pickaxe":1,"minecraft:chest":12,"minecraft:stone_hoe":1,"minecraft:bamboo_raft":2,"minecraft:wheat":171,"minecraft:oak_slab":384,"minecraft:arrow":128,"minecraft:emerald":64,"minecraft:crafting_table":2,"minecraft:wooden_pickaxe":1,"minecraft:iron_helmet":1,"minecraft:bowl":16,"minecraft:fletching_table":2,"minecraft:stone_axe":4,"minecraft:bread":57,"minecraft:air":0,"minecraft:jungle_planks":36,"minecraft:bamboo_slab":6,"minecraft:jungle_door":3,"minecraft:bamboo_planks":1186,"minecraft:golden_apple":2,"minecraft:iron_chestplate":1,"minecraft:charcoal":51,"minecraft:shield":1,"minecraft:stick":2231,"minecraft:iron_ingot":5,"minecraft:iron_pickaxe":1,"minecraft:stone_sword":5,"minecraft:torch":280,"minecraft:bamboo_trapdoor":4},"minecraft:custom":{"minecraft:mob_kills":19,"minecraft:interact_with_crafting_table":49,"minecraft:leave_game":4,"minecraft:time_since_death":158114,"minecraft:climb_one_cm":1038,"minecraft:sprint_one_cm":608752,"minecraft:walk_one_cm":380139,"minecraft:damage_blocked_by_shield":240,"minecraft:drop":36,"minecraft:talked_to_villager":19,"minecraft:play_time":158114,"minecraft:sneak_time":15183,"minecraft:walk_under_water_one_cm":24491,"minecraft:boat_one_cm":235651,"minecraft:jump":3144,"minecraft:walk_on_water_one_cm":20871,"minecraft:total_world_time":158114,"minecraft:interact_with_furnace":17,"minecraft:traded_with_villager":74,"minecraft:sleep_in_bed":12,"minecraft:time_since_rest":23686,"minecraft:damage_taken":183,"minecraft:damage_dealt":4943,"minecraft:swim_one_cm":77044,"minecraft:fly_one_cm":770921,"minecraft:open_chest":228,"minecraft:crouch_one_cm":32165,"minecraft:fall_one_cm":50047},"minecraft:picked_up":{"minecraft:cocoa_beans":18,"minecraft:crafting_table":10,"minecraft:azure_bluet":13,"minecraft:brown_mushroom":11,"minecraft:gold_block":1,"minecraft:potion":1,"minecraft:brewing_stand":1,"minecraft:cornflower":8,"minecraft:pufferfish":1,"minecraft:cobbled_deepslate":37,"minecraft:beef":1,"minecraft:cobblestone_slab":1,"minecraft:jungle_sapling":1,"minecraft:poppy":9,"minecraft:sugar_cane":115,"minecraft:chest":3,"minecraft:egg":2,"minecraft:stick":3,"minecraft:raw_iron":31,"minecraft:torch":20,"minecraft:porkchop":19,"minecraft:carrot":19,"minecraft:cauldron":16,"minecraft:rotten_flesh":2,"minecraft:tropical_fish":1,"minecraft:jungle_stairs":2,"minecraft:hay_block":230,"minecraft:gold_ingot":9,"minecraft:saddle":1,"minecraft:cobblestone":143,"minecraft:oxeye_daisy":8,"minecraft:golden_carrot":6,"minecraft:jungle_log":31,"minecraft:leather":8,"minecraft:potato":4,"minecraft:flint":8,"minecraft:oak_log":148,"minecraft:yellow_bed":12,"minecraft:gunpowder":3,"minecraft:dirt":275,"minecraft:bone":2,"minecraft:apple":8,"minecraft:kelp":9,"minecraft:wheat_seeds":113,"minecraft:raw_gold":23,"minecraft:iron_ingot":10,"minecraft:fletching_table":2,"minecraft:bamboo":3975,"minecraft:oak_slab":68,"minecraft:gravel":89,"minecraft:dandelion":33,"minecraft:jungle_planks":17,"minecraft:bamboo_raft":7,"minecraft:sand":54,"minecraft:white_bed":1,"minecraft:spruce_log":14,"minecraft:diamond":5,"minecraft:granite":18,"minecraft:golden_apple":1,"minecraft:emerald":59,"minecraft:bread":18,"minecraft:oak_sapling":4,"minecraft:coal":31},"minecraft:dropped":{"minecraft:stone_hoe":1,"minecraft:brown_mushroom":13,"minecraft:wheat_seeds":24,"minecraft:granite":12,"minecraft:golden_apple":1,"minecraft:red_mushroom":13,"minecraft:flint":6,"minecraft:gold_block":1,"minecraft:oxeye_daisy":13,"minecraft:dirt":2,"minecraft:fire_charge":2,"minecraft:jungle_sapling":1,"minecraft:sand":4,"minecraft:dandelion":1,"minecraft:gravel":43,"minecraft:kelp":1,"minecraft:cobbled_deepslate":3,"minecraft:rotten_flesh":2,"minecraft:flint_and_steel":1,"minecraft:filled_map":1,"minecraft:poppy":1,"minecraft:cobblestone_slab":4,"minecraft:gunpowder":3,"minecraft:oak_sapling":1,"minecraft:chest":1,"minecraft:bow":1,"minecraft:wooden_pickaxe":1},"minecraft:broken":{"minecraft:stone_sword":7,"minecraft:stone_axe":2,"minecraft:iron_pickaxe":1,"minecraft:stone_shovel":2},"minecraft:used":{"minecraft:stone_sword":472,"minecraft:flint_and_steel":6,"minecraft:tropical_fish":1,"minecraft:stone_shovel":379,"minecraft:poppy":3,"minecraft:chest":14,"minecraft:shield":4,"minecraft:bamboo_door":3,"minecraft:stone_hoe":152,"minecraft:iron_chestplate":1,"minecraft:torch":221,"minecraft:dirt":90,"minecraft:jungle_planks":4,"minecraft:glass":4,"minecraft:bamboo_raft":7,"minecraft:lava_bucket":1,"minecraft:bamboo_fence":3,"minecraft:jungle_log":2,"minecraft:iron_helmet":1,"minecraft:bamboo":673,"minecraft:bow":18,"minecraft:oak_sapling":1,"minecraft:furnace":1,"minecraft:egg":2,"minecraft:iron_leggings":1,"minecraft:bamboo_trapdoor":4,"minecraft:water_bucket":5,"minecraft:stone_pickaxe":57,"minecraft:wooden_pickaxe":17,"minecraft:cobblestone_slab":3,"minecraft:cauldron":12,"minecraft:fletching_table":4,"minecraft:sugar_cane":85,"minecraft:oak_slab":380,"minecraft:crafting_table":12,"minecraft:white_bed":3,"minecraft:bamboo_fence_gate":3,"minecraft:suspicious_stew":8,"minecraft:iron_pickaxe":277,"minecraft:bread":25,"minecraft:gravel":25,"minecraft:bamboo_slab":2,"minecraft:stone_axe":287,"minecraft:cobblestone":85,"minecraft:jungle_door":3,"minecraft:bucket":7,"minecraft:yellow_bed":12,"minecraft:kelp":1},"minecraft:mined":{"minecraft:white_bed":2,"minecraft:deepslate_diamond_ore":6,"minecraft:brewing_stand":1,"minecraft:granite":6,"minecraft:grass_block":238,"minecraft:jungle_planks":5,"minecraft:jungle_log":21,"minecraft:spruce_leaves":9,"minecraft:kelp":1,"minecraft:oxeye_daisy":5,"minecraft:hay_block":117,"minecraft:oak_trapdoor":2,"minecraft:carrots":6,"minecraft:iron_ore":26,"minecraft:fire":6,"minecraft:fletching_table":2,"minecraft:azure_bluet":11,"minecraft:potatoes":2,"minecraft:deepslate_iron_ore":6,"minecraft:cobblestone_slab":1,"minecraft:vine":2,"minecraft:bamboo_sapling":9,"minecraft:bamboo":412,"minecraft:stone":102,"minecraft:oak_slab":28,"minecraft:brown_mushroom":4,"minecraft:glass_pane":1,"minecraft:kelp_plant":1,"minecraft:dandelion":35,"minecraft:crafting_table":11,"minecraft:cornflower":7,"minecraft:torch":7,"minecraft:jungle_stairs":2,"minecraft:poppy":6,"minecraft:chest":2,"minecraft:tall_grass":108,"minecraft:cobblestone":42,"minecraft:deepslate_gold_ore":17,"minecraft:sugar_cane":119,"minecraft:wall_torch":3,"minecraft:cauldron":16,"minecraft:wheat":19,"minecraft:spruce_log":15,"minecraft:yellow_bed":12,"minecraft:grass":546,"minecraft:oak_log":148,"minecraft:coal_ore":20,"minecraft:gravel":52,"minecraft:sand":55,"minecraft:dirt":34,"minecraft:gold_ore":6,"minecraft:oak_leaves":15,"minecraft:deepslate":70,"minecraft:fern":6},"minecraft:killed":{"minecraft:spider":2,"minecraft:skeleton":1,"minecraft:pig":4,"minecraft:iron_golem":4,"minecraft:creeper":4,"minecraft:zombie":3,"minecraft:cow":1}},"DataVersion":3465}