{"stats":{"minecraft:used":{"minecraft:stone_sword":222,"minecraft:tropical_fish":1,"minecraft:stone_shovel":276,"minecraft:poppy":3,"minecraft:chest":14,"minecraft:shield":1,"minecraft:stone_hoe":152,"minecraft:bamboo_door":3,"minecraft:iron_chestplate":1,"minecraft:torch":153,"minecraft:dirt":87,"minecraft:jungle_planks":4,"minecraft:bamboo_raft":7,"minecraft:bamboo_fence":3,"minecraft:jungle_log":2,"minecraft:iron_helmet":1,"minecraft:bamboo":660,"minecraft:furnace":1,"minecraft:oak_sapling":1,"minecraft:egg":1,"minecraft:iron_leggings":1,"minecraft:bamboo_trapdoor":2,"minecraft:stone_pickaxe":57,"minecraft:wooden_pickaxe":17,"minecraft:sugar_cane":85,"minecraft:oak_slab":377,"minecraft:crafting_table":9,"minecraft:white_bed":3,"minecraft:bamboo_fence_gate":1,"minecraft:iron_pickaxe":51,"minecraft:bread":20,"minecraft:suspicious_stew":3,"minecraft:bamboo_slab":2,"minecraft:stone_axe":273,"minecraft:cobblestone":38,"minecraft:jungle_door":3,"minecraft:yellow_bed":8,"minecraft:kelp":1},"minecraft:dropped":{"minecraft:stone_hoe":1,"minecraft:wheat_seeds":24,"minecraft:flint":6,"minecraft:gold_block":1,"minecraft:fire_charge":2,"minecraft:jungle_sapling":1,"minecraft:sand":4,"minecraft:dandelion":1,"minecraft:kelp":1,"minecraft:flint_and_steel":1,"minecraft:filled_map":1,"minecraft:poppy":1,"minecraft:oak_sapling":1,"minecraft:chest":1,"minecraft:wooden_pickaxe":1},"minecraft:custom":{"minecraft:mob_kills":12,"minecraft:interact_with_crafting_table":32,"minecraft:leave_game":4,"minecraft:time_since_death":112125,"minecraft:climb_one_cm":1038,"minecraft:sprint_one_cm":439974,"minecraft:walk_one_cm":277368,"minecraft:damage_blocked_by_shield":45,"minecraft:drop":20,"minecraft:play_time":112125,"minecraft:sneak_time":9173,"minecraft:walk_under_water_one_cm":21438,"minecraft:boat_one_cm":235651,"minecraft:jump":2219,"minecraft:walk_on_water_one_cm":11605,"minecraft:total_world_time":112125,"minecraft:interact_with_furnace":11,"minecraft:sleep_in_bed":10,"minecraft:time_since_rest":3013,"minecraft:damage_taken":20,"minecraft:damage_dealt":4574,"minecraft:swim_one_cm":65323,"minecraft:fly_one_cm":575870,"minecraft:open_chest":144,"minecraft:crouch_one_cm":17327,"minecraft:fall_one_cm":36762},"minecraft:crafted":{"minecraft:oak_planks":312,"minecraft:stone_shovel":3,"minecraft:bamboo_fence":3,"minecraft:furnace":1,"minecraft:bamboo_door":3,"minecraft:suspicious_stew":3,"minecraft:bamboo_block":37,"minecraft:bamboo_fence_gate":1,"minecraft:stone_pickaxe":1,"minecraft:chest":12,"minecraft:stone_hoe":1,"minecraft:bamboo_raft":2,"minecraft:oak_slab":384,"minecraft:crafting_table":2,"minecraft:wooden_pickaxe":1,"minecraft:iron_helmet":1,"minecraft:stone_axe":3,"minecraft:air":0,"minecraft:jungle_planks":36,"minecraft:bamboo_slab":6,"minecraft:jungle_door":3,"minecraft:bamboo_planks":74,"minecraft:iron_chestplate":1,"minecraft:charcoal":51,"minecraft:shield":1,"minecraft:stick":68,"minecraft:stone_sword":3,"minecraft:torch":144,"minecraft:bamboo_trapdoor":2},"minecraft:killed":{"minecraft:pig":4,"minecraft:iron_golem":4,"minecraft:creeper":1,"minecraft:zombie":2,"minecraft:cow":1},"minecraft:picked_up":{"minecraft:cocoa_beans":18,"minecraft:crafting_table":7,"minecraft:azure_bluet":13,"minecraft:brown_mushroom":11,"minecraft:gold_block":1,"minecraft:potion":1,"minecraft:cornflower":8,"minecraft:pufferfish":1,"minecraft:beef":1,"minecraft:jungle_sapling":1,"minecraft:poppy":9,"minecraft:sugar_cane":115,"minecraft:chest":3,"minecraft:egg":1,"minecraft:stick":3,"minecraft:raw_iron":4,"minecraft:torch":9,"minecraft:porkchop":19,"minecraft:carrot":19,"minecraft:tropical_fish":1,"minecraft:jungle_stairs":2,"minecraft:hay_block":230,"minecraft:gold_ingot":9,"minecraft:saddle":1,"minecraft:cobblestone":77,"minecraft:oxeye_daisy":8,"minecraft:golden_carrot":6,"minecraft:jungle_log":31,"minecraft:leather":8,"minecraft:potato":4,"minecraft:flint":3,"minecraft:oak_log":148,"minecraft:yellow_bed":8,"minecraft:dirt":270,"minecraft:apple":8,"minecraft:kelp":9,"minecraft:wheat_seeds":113,"minecraft:raw_gold":6,"minecraft:iron_ingot":10,"minecraft:bamboo":996,"minecraft:oak_slab":61,"minecraft:dandelion":33,"minecraft:jungle_planks":17,"minecraft:bamboo_raft":7,"minecraft:sand":4,"minecraft:white_bed":1,"minecraft:spruce_log":14,"minecraft:granite":6,"minecraft:golden_apple":1,"minecraft:emerald":12,"minecraft:bread":18,"minecraft:oak_sapling":4,"minecraft:coal":17},"minecraft:broken":{"minecraft:stone_sword":2,"minecraft:stone_axe":2,"minecraft:stone_shovel":2},"minecraft:mined":{"minecraft:granite":6,"minecraft:grass_block":237,"minecraft:jungle_planks":5,"minecraft:jungle_log":21,"minecraft:spruce_leaves":9,"minecraft:kelp":1,"minecraft:oxeye_daisy":5,"minecraft:hay_block":117,"minecraft:carrots":6,"minecraft:iron_ore":5,"minecraft:azure_bluet":11,"minecraft:potatoes":2,"minecraft:vine":2,"minecraft:bamboo_sapling":9,"minecraft:bamboo":171,"minecraft:stone":57,"minecraft:oak_slab":21,"minecraft:brown_mushroom":4,"minecraft:glass_pane":1,"minecraft:kelp_plant":1,"minecraft:dandelion":35,"minecraft:crafting_table":8,"minecraft:cornflower":7,"minecraft:torch":3,"minecraft:jungle_stairs":2,"minecraft:poppy":6,"minecraft:chest":2,"minecraft:tall_grass":102,"minecraft:cobblestone":19,"minecraft:sugar_cane":119,"minecraft:wall_torch":2,"minecraft:wheat":18,"minecraft:spruce_log":15,"minecraft:yellow_bed":8,"minecraft:grass":539,"minecraft:oak_log":148,"minecraft:coal_ore":6,"minecraft:sand":5,"minecraft:dirt":31,"minecraft:gold_ore":6,"minecraft:oak_leaves":15,"minecraft:fern":6}},"DataVersion":3465}