{"stats":{"minecraft:used":{"minecraft:bamboo_trapdoor":2,"minecraft:stone_sword":93,"minecraft:tropical_fish":1,"minecraft:stone_pickaxe":54,"minecraft:poppy":3,"minecraft:wooden_pickaxe":17,"minecraft:stone_hoe":152,"minecraft:bamboo_door":3,"minecraft:dirt":1,"minecraft:crafting_table":9,"minecraft:jungle_planks":4,"minecraft:bamboo_fence_gate":1,"minecraft:bamboo_raft":7,"minecraft:bamboo_fence":3,"minecraft:bread":9,"minecraft:jungle_log":2,"minecraft:stone_axe":107,"minecraft:cobblestone":12,"minecraft:furnace":1,"minecraft:jungle_door":3,"minecraft:yellow_bed":4,"minecraft:egg":1,"minecraft:kelp":1,"minecraft:iron_leggings":1},"minecraft:broken":{"minecraft:stone_axe":1,"minecraft:stone_sword":1},"minecraft:crafted":{"minecraft:crafting_table":2,"minecraft:wooden_pickaxe":1,"minecraft:bamboo_fence":3,"minecraft:furnace":1,"minecraft:stone_axe":1,"minecraft:bamboo_door":3,"minecraft:jungle_planks":36,"minecraft:bamboo_block":37,"minecraft:jungle_door":3,"minecraft:bamboo_planks":74,"minecraft:shield":1,"minecraft:bamboo_fence_gate":1,"minecraft:stick":12,"minecraft:stone_pickaxe":1,"minecraft:stone_sword":1,"minecraft:stone_hoe":1,"minecraft:bamboo_trapdoor":2,"minecraft:bamboo_raft":2},"minecraft:mined":{"minecraft:brown_mushroom":4,"minecraft:glass_pane":1,"minecraft:kelp_plant":1,"minecraft:crafting_table":8,"minecraft:grass_block":1,"minecraft:poppy":1,"minecraft:jungle_planks":5,"minecraft:jungle_log":21,"minecraft:tall_grass":9,"minecraft:cobblestone":12,"minecraft:spruce_leaves":9,"minecraft:kelp":1,"minecraft:sugar_cane":8,"minecraft:hay_block":117,"minecraft:carrots":6,"minecraft:wheat":18,"minecraft:spruce_log":15,"minecraft:yellow_bed":5,"minecraft:grass":36,"minecraft:oak_log":18,"minecraft:potatoes":2,"minecraft:coal_ore":6,"minecraft:vine":2,"minecraft:sand":5,"minecraft:bamboo":56,"minecraft:stone":30,"minecraft:oak_leaves":3,"minecraft:fern":6},"minecraft:killed":{"minecraft:pig":4,"minecraft:iron_golem":4},"minecraft:picked_up":{"minecraft:cocoa_beans":4,"minecraft:crafting_table":7,"minecraft:jungle_log":21,"minecraft:brown_mushroom":4,"minecraft:potato":2,"minecraft:gold_block":1,"minecraft:flint":3,"minecraft:oak_log":18,"minecraft:yellow_bed":5,"minecraft:dirt":1,"minecraft:kelp":2,"minecraft:wheat_seeds":20,"minecraft:iron_ingot":10,"minecraft:jungle_sapling":1,"minecraft:poppy":4,"minecraft:bamboo":617,"minecraft:sugar_cane":21,"minecraft:egg":1,"minecraft:stick":3,"minecraft:sand":4,"minecraft:jungle_planks":5,"minecraft:porkchop":9,"minecraft:bamboo_raft":6,"minecraft:spruce_log":14,"minecraft:carrot":6,"minecraft:tropical_fish":1,"minecraft:hay_block":115,"minecraft:bread":18,"minecraft:oak_sapling":1,"minecraft:coal":6,"minecraft:cobblestone":42},"minecraft:dropped":{"minecraft:stone_hoe":1,"minecraft:kelp":1,"minecraft:wheat_seeds":20,"minecraft:flint_and_steel":1,"minecraft:flint":6,"minecraft:gold_block":1,"minecraft:filled_map":1,"minecraft:poppy":1,"minecraft:oak_sapling":1,"minecraft:fire_charge":2,"minecraft:sand":4,"minecraft:wooden_pickaxe":1},"minecraft:custom":{"minecraft:mob_kills":8,"minecraft:interact_with_crafting_table":15,"minecraft:time_since_death":52572,"minecraft:sleep_in_bed":4,"minecraft:climb_one_cm":1038,"minecraft:time_since_rest":2973,"minecraft:walk_one_cm":56411,"minecraft:sprint_one_cm":193709,"minecraft:damage_taken":20,"minecraft:drop":15,"minecraft:damage_dealt":3876,"minecraft:swim_one_cm":65323,"minecraft:fly_one_cm":327286,"minecraft:open_chest":16,"minecraft:crouch_one_cm":6924,"minecraft:play_time":52572,"minecraft:sneak_time":4629,"minecraft:walk_under_water_one_cm":21438,"minecraft:boat_one_cm":235651,"minecraft:jump":1212,"minecraft:walk_on_water_one_cm":11552,"minecraft:total_world_time":52572,"minecraft:fall_one_cm":23590}},"DataVersion":3465}