{"stats":{"minecraft:custom":{"minecraft:interact_with_crafting_table":159,"minecraft:open_barrel":88,"minecraft:bell_ring":14,"minecraft:eat_cake_slice":25,"minecraft:leave_game":24,"minecraft:time_since_death":2922,"minecraft:damage_blocked_by_shield":27056,"minecraft:play_time":932680,"minecraft:deaths":129,"minecraft:jump":21478,"minecraft:enchant_item":8,"minecraft:interact_with_furnace":303,"minecraft:traded_with_villager":194,"minecraft:sleep_in_bed":18,"minecraft:damage_dealt":126429,"minecraft:interact_with_smoker":15,"minecraft:inspect_dispenser":19,"minecraft:interact_with_anvil":10,"minecraft:sneak_time":80380,"minecraft:interact_with_lectern":2,"minecraft:interact_with_blast_furnace":5,"minecraft:total_world_time":932680,"minecraft:tune_noteblock":5,"minecraft:time_since_rest":2960,"minecraft:swim_one_cm":146215,"minecraft:fly_one_cm":5313314,"minecraft:open_chest":487,"minecraft:fall_one_cm":688643,"minecraft:damage_resisted":663,"minecraft:sprint_one_cm":3878364,"minecraft:drop":473,"minecraft:play_noteblock":1,"minecraft:talked_to_villager":47,"minecraft:interact_with_brewingstand":2,"minecraft:walk_on_water_one_cm":93126,"minecraft:interact_with_loom":1,"minecraft:open_enderchest":1,"minecraft:player_kills":9,"minecraft:crouch_one_cm":186369,"minecraft:mob_kills":710,"minecraft:damage_dealt_resisted":409,"minecraft:climb_one_cm":45291,"minecraft:walk_one_cm":1705970,"minecraft:walk_under_water_one_cm":60493,"minecraft:boat_one_cm":81483,"minecraft:interact_with_grindstone":1,"minecraft:damage_taken":78171,"minecraft:damage_absorbed":339,"minecraft:trigger_trapped_chest":2},"minecraft:picked_up":{"minecraft:birch_door":1,"minecraft:iron_chestplate":36,"minecraft:chainmail_boots":23,"minecraft:flower_pot":3,"minecraft:stone_slab":2,"minecraft:diamond_sword":5,"minecraft:enchanted_book":2,"minecraft:brewing_stand":24,"minecraft:polished_deepslate_wall":1,"minecraft:polished_deepslate":3,"minecraft:string":168,"minecraft:dark_oak_trapdoor":22,"minecraft:soul_soil":1,"minecraft:red_nether_bricks":4,"minecraft:beetroot_soup":2,"minecraft:beetroot":250,"minecraft:diamond_leggings":21,"minecraft:gold_nugget":78,"minecraft:cobbled_deepslate":1097,"minecraft:spruce_planks":635,"minecraft:coal_block":4,"minecraft:melon_slice":129,"minecraft:golden_helmet":1,"minecraft:composter":13,"minecraft:lightning_rod":3,"minecraft:warped_planks":5,"minecraft:end_crystal":1,"minecraft:warped_door":1,"minecraft:brown_carpet":12,"minecraft:waxed_cut_copper_stairs":1,"minecraft:stone_sword":8,"minecraft:honey_bottle":21,"minecraft:tropical_fish":3,"aether:chainmail_gloves":1,"minecraft:glowstone":2,"minecraft:end_rod":5,"securitycraft:blacklist_module":2,"minecraft:blaze_rod":31,"minecraft:iron_bars":47,"minecraft:snowball":64,"minecraft:birch_log":59,"minecraft:magma_block":2,"minecraft:feather":85,"minecraft:cooked_beef":380,"minecraft:iron_door":2,"minecraft:water_bucket":24,"minecraft:flint":203,"minecraft:map":4,"minecraft:gray_concrete":1,"minecraft:mangrove_slab":1,"minecraft:lantern":1,"minecraft:twisting_vines":2,"minecraft:dark_oak_sign":13,"minecraft:diamond_helmet":38,"minecraft:glowstone_dust":93,"minecraft:moss_block":3,"minecraft:chiseled_polished_blackstone":2,"minecraft:lime_terracotta":10,"minecraft:stripped_spruce_log":1,"minecraft:ink_sac":1,"minecraft:crimson_door":1,"minecraft:barrel":2,"minecraft:quartz_bricks":28,"minecraft:white_candle":3,"minecraft:spruce_button":1,"minecraft:bread":2313,"minecraft:rooted_dirt":1,"minecraft:crimson_roots":3,"minecraft:diamond_pickaxe":43,"minecraft:crafting_table":27,"minecraft:coarse_dirt":25,"minecraft:nether_wart":15,"minecraft:clay_ball":8,"minecraft:leather_leggings":17,"aether:aether_dirt":10,"minecraft:flint_and_steel":21,"minecraft:iron_shovel":6,"minecraft:polished_blackstone_wall":1,"minecraft:cracked_stone_bricks":2,"minecraft:netherite_sword":24,"minecraft:beef":153,"minecraft:cyan_wool":22,"minecraft:iron_nugget":146,"minecraft:poppy":3,"minecraft:spruce_slab":4,"minecraft:quartz_stairs":1,"minecraft:chest":2,"minecraft:piston":64,"aether:iron_pendant":4,"minecraft:egg":6,"minecraft:glow_item_frame":1,"minecraft:fire_charge":48,"minecraft:cake":29,"minecraft:carrot":293,"minecraft:redstone":245,"minecraft:tnt":21,"aether:skyroot_log":1,"minecraft:stone_shovel":3,"minecraft:diamond_chestplate":28,"minecraft:decorated_pot":4,"minecraft:beetroot_seeds":2,"minecraft:diamond_boots":25,"minecraft:hay_block":68,"minecraft:yellow_terracotta":4,"minecraft:gold_ingot":217,"minecraft:totem_of_undying":9,"minecraft:mutton":70,"minecraft:white_wool":39,"minecraft:tripwire_hook":26,"minecraft:red_mushroom":6,"minecraft:filled_map":4,"minecraft:oak_log":413,"minecraft:paper":6,"minecraft:white_banner":2,"minecraft:apple":437,"minecraft:stone_bricks":25,"minecraft:stone_pickaxe":65,"minecraft:glass_bottle":16,"minecraft:iron_sword":40,"minecraft:dark_oak_stairs":2,"minecraft:dark_oak_slab":1,"minecraft:smooth_basalt":4,"minecraft:sweet_berries":31,"minecraft:gravel":1321,"minecraft:spruce_sapling":1,"minecraft:spruce_log":428,"minecraft:crying_obsidian":26,"minecraft:diamond_shovel":12,"minecraft:purple_bed":1,"minecraft:slime_ball":10,"minecraft:stone_axe":50,"minecraft:diamond_axe":21,"minecraft:painting":1,"minecraft:gray_wool":10,"minecraft:warped_roots":13,"minecraft:red_nether_brick_slab":6,"minecraft:smooth_quartz_slab":2,"minecraft:ender_pearl":48,"minecraft:black_carpet":2,"minecraft:wheat":166,"minecraft:nether_brick_fence":1,"aether:iron_gloves":19,"minecraft:potion":29,"minecraft:gilded_blackstone":2,"minecraft:nether_brick":81,"minecraft:stone_brick_stairs":7,"minecraft:raw_copper":23,"travelersbackpack:diamond":14,"aether:diamond_gloves":5,"minecraft:iron_leggings":15,"minecraft:deepslate_tiles":7,"minecraft:red_sand":4,"minecraft:comparator":33,"minecraft:bucket":6,"minecraft:eye_armor_trim_smithing_template":7,"minecraft:rose_bush":2,"minecraft:ender_eye":33,"minecraft:calcite":106,"minecraft:smooth_quartz":7,"minecraft:iron_pickaxe":14,"minecraft:iron_boots":14,"minecraft:furnace":22,"minecraft:tipped_arrow":100,"minecraft:stick":303,"minecraft:birch_trapdoor":2,"minecraft:torch":954,"minecraft:spruce_stairs":8,"minecraft:porkchop":177,"minecraft:quartz_block":2,"minecraft:rotten_flesh":502,"aether:iron_ring":19,"aether:gravitite_ore":2,"minecraft:obsidian":375,"minecraft:blaze_powder":12,"minecraft:cobblestone":2428,"minecraft:leather_chestplate":6,"minecraft:magma_cream":1,"minecraft:andesite":6,"minecraft:chiseled_quartz_block":2,"minecraft:potato":4,"minecraft:tuff":46,"minecraft:wither_skeleton_skull":6,"minecraft:lapis_lazuli":103,"minecraft:dirt":575,"minecraft:name_tag":1,"minecraft:leather_boots":4,"minecraft:bone":171,"minecraft:acacia_planks":3,"minecraft:bow":57,"minecraft:wheat_seeds":94,"aether:holystone":7,"minecraft:raw_gold":113,"aether:cold_aercloud":14,"minecraft:cyan_candle":6,"minecraft:fletching_table":7,"minecraft:bamboo":234,"minecraft:oak_planks":479,"minecraft:ghast_tear":4,"minecraft:black_terracotta":2,"minecraft:cooked_porkchop":53,"minecraft:polished_blackstone_slab":6,"minecraft:sand":114,"minecraft:jungle_planks":6,"minecraft:cyan_bed":76,"minecraft:spectral_arrow":157,"minecraft:mossy_cobblestone":8,"minecraft:dark_prismarine":18,"minecraft:light_gray_concrete":6,"minecraft:soul_lantern":1,"minecraft:slime_block":12,"minecraft:diamond":244,"minecraft:spruce_boat":9,"aether:ambrosium_shard":4,"minecraft:cracked_polished_blackstone_bricks":49,"minecraft:crossbow":27,"minecraft:white_concrete":9,"minecraft:golden_apple":164,"minecraft:bone_meal":1,"minecraft:spruce_sign":1,"minecraft:emerald":87,"minecraft:oak_sapling":2,"minecraft:netherrack":159,"aether:aechor_petal":2,"minecraft:charcoal":83,"minecraft:azure_bluet":1,"minecraft:splash_potion":9,"minecraft:chicken":55,"minecraft:ladder":1,"minecraft:brown_mushroom":4,"minecraft:wooden_pickaxe":2,"minecraft:stone_brick_wall":1,"minecraft:cooked_rabbit":3,"minecraft:gold_block":17,"minecraft:shield":69,"minecraft:dragon_breath":4,"minecraft:moss_carpet":1,"minecraft:iron_axe":13,"minecraft:item_frame":13,"minecraft:warped_fence":1,"minecraft:cyan_carpet":82,"minecraft:blackstone":200,"minecraft:blue_orchid":2,"minecraft:player_head":8,"minecraft:light_gray_wool":1,"minecraft:lectern":24,"minecraft:sugar_cane":39,"minecraft:spruce_trapdoor":2,"minecraft:raw_iron":486,"minecraft:end_stone":39,"minecraft:stripped_mangrove_wood":6,"minecraft:bowl":19,"minecraft:polished_blackstone_bricks":49,"minecraft:quartz_pillar":3,"minecraft:stone_button":2,"minecraft:cookie":1,"minecraft:dark_oak_planks":175,"minecraft:arrow":2377,"minecraft:pumpkin_pie":205,"minecraft:nether_bricks":142,"minecraft:stripped_dark_oak_wood":4,"minecraft:saddle":6,"minecraft:glistering_melon_slice":286,"minecraft:prismarine_slab":7,"minecraft:basalt":11,"minecraft:golden_carrot":62,"minecraft:salmon":25,"minecraft:leather":131,"minecraft:birch_planks":283,"minecraft:mushroom_stew":36,"minecraft:crimson_fungus":1,"minecraft:yellow_bed":4,"minecraft:gunpowder":135,"minecraft:cooked_mutton":264,"minecraft:gray_carpet":3,"minecraft:iron_ingot":103,"minecraft:cooked_chicken":149,"minecraft:stripped_oak_wood":13,"minecraft:acacia_sapling":1,"minecraft:soul_sand":122,"minecraft:book":1188,"minecraft:warped_fungus":1,"minecraft:chiseled_stone_bricks":1,"minecraft:quartz":26,"minecraft:lava_bucket":13,"minecraft:amethyst_shard":6,"minecraft:white_bed":29,"minecraft:spider_eye":43,"minecraft:white_concrete_powder":5,"minecraft:iron_helmet":16,"minecraft:dark_oak_wood":8,"minecraft:coal":642},"minecraft:mined":{"minecraft:dark_oak_planks":26,"minecraft:white_bed":12,"minecraft:black_terracotta":2,"minecraft:red_nether_bricks":3,"minecraft:obsidian":1,"minecraft:chiseled_polished_blackstone":14,"minecraft:stone_brick_wall":1,"minecraft:coal_block":4,"minecraft:nether_wart":1,"minecraft:red_stained_glass_pane":1,"minecraft:chiseled_stone_bricks":1,"minecraft:spawner":8,"minecraft:polished_blackstone_bricks":71,"minecraft:dark_oak_trapdoor":1,"minecraft:cobbled_deepslate":10,"minecraft:fire":139,"minecraft:barrel":1,"minecraft:moss_carpet":1,"minecraft:fletching_table":7,"minecraft:stripped_dark_oak_wood":4,"minecraft:dead_tube_coral":1,"minecraft:dirt_path":2,"minecraft:light_gray_concrete":8,"minecraft:stripped_mangrove_wood":6,"minecraft:player_head":2,"minecraft:brown_mushroom":2,"minecraft:crimson_nylium":23,"minecraft:soul_fire":219,"minecraft:torch":12,"minecraft:dark_oak_wood":9,"minecraft:melon":1,"minecraft:dead_bush":1,"minecraft:cyan_bed":10,"minecraft:sugar_cane":18,"travelersbackpack:diamond":12,"minecraft:light_gray_stained_glass":6,"minecraft:wheat":111,"minecraft:warped_fungus":1,"minecraft:wither_rose":1,"minecraft:stone_brick_stairs":1,"minecraft:grass":222,"minecraft:smooth_quartz":6,"minecraft:deepslate":518,"minecraft:yellow_terracotta":4,"minecraft:dark_prismarine":1,"minecraft:mossy_cobblestone":4,"minecraft:end_stone":39,"minecraft:nether_bricks":147,"minecraft:allium":1,"minecraft:jungle_planks":6,"minecraft:crimson_roots":2,"minecraft:redstone_wire":4,"minecraft:moss_block":3,"minecraft:red_mushroom":2,"minecraft:black_stained_glass_pane":2,"minecraft:andesite":4,"minecraft:vine":4,"minecraft:bamboo":1,"minecraft:white_wool":6,"aether:gravitite_ore":2,"minecraft:gray_concrete":1,"minecraft:warped_roots":8,"minecraft:lightning_rod":1,"minecraft:tall_grass":104,"minecraft:copper_ore":4,"minecraft:deepslate_gold_ore":73,"minecraft:diorite":10,"minecraft:purple_bed":1,"minecraft:coarse_dirt":26,"minecraft:spruce_log":335,"minecraft:birch_leaves":7,"minecraft:gravel":489,"minecraft:cobweb":4,"minecraft:acacia_planks":3,"minecraft:stone_bricks":29,"minecraft:fern":9,"minecraft:spruce_planks":10,"aether:cold_aercloud":5,"minecraft:brewing_stand":1,"minecraft:grass_block":55,"minecraft:cracked_polished_blackstone_bricks":57,"minecraft:soul_soil":1,"minecraft:composter":3,"minecraft:gilded_blackstone":2,"minecraft:smooth_stone":1,"minecraft:glowstone":19,"minecraft:iron_ore":76,"minecraft:azure_bluet":1,"minecraft:dark_oak_stairs":2,"minecraft:iron_bars":3,"minecraft:azalea":1,"minecraft:waxed_cut_copper_stairs":1,"minecraft:deepslate_redstone_ore":8,"aether:holystone":7,"minecraft:polished_blackstone_wall":1,"minecraft:blackstone":92,"minecraft:chiseled_quartz_block":2,"minecraft:clay":1,"minecraft:calcite":26,"minecraft:potted_warped_roots":1,"minecraft:cobblestone":55,"minecraft:slime_block":14,"minecraft:oak_planks":5,"minecraft:iron_door":1,"minecraft:wall_torch":7,"minecraft:warped_nylium":5,"minecraft:dark_oak_slab":1,"minecraft:birch_log":44,"minecraft:birch_trapdoor":1,"minecraft:stripped_oak_wood":13,"aether:aether_grass_block":4,"minecraft:tnt":2,"minecraft:oak_log":130,"minecraft:beetroots":3,"minecraft:lime_terracotta":10,"minecraft:sand":56,"minecraft:dirt":64,"minecraft:tripwire_hook":3,"minecraft:wither_skeleton_skull":2,"aether:ambrosium_ore":3,"minecraft:netherrack":77,"minecraft:polished_deepslate_wall":1,"minecraft:oak_leaves":25,"minecraft:nether_gold_ore":2,"minecraft:crying_obsidian":4,"minecraft:tuff":37,"minecraft:deepslate_diamond_ore":90,"minecraft:spruce_leaves":30,"minecraft:rooted_dirt":1,"minecraft:large_fern":1,"minecraft:hay_block":41,"aether:aether_dirt":6,"minecraft:furnace":9,"minecraft:stripped_spruce_log":1,"minecraft:gold_block":16,"minecraft:nether_brick_fence":1,"minecraft:polished_deepslate":3,"aether:skyroot_log":1,"minecraft:bookshelf":15,"minecraft:deepslate_iron_ore":157,"minecraft:lantern":1,"minecraft:stone":534,"minecraft:podzol":15,"minecraft:basalt":11,"minecraft:crafting_table":16,"minecraft:blackstone_slab":2,"minecraft:rose_bush":2,"minecraft:lectern":1,"minecraft:stone_slab":1,"minecraft:lapis_ore":4,"minecraft:spruce_stairs":2,"minecraft:birch_planks":4,"minecraft:sweet_berry_bush":5,"minecraft:yellow_bed":2,"minecraft:mangrove_slab":1,"minecraft:coal_ore":144,"minecraft:end_rod":6,"minecraft:cyan_carpet":3,"minecraft:gray_carpet":1,"minecraft:cracked_stone_bricks":4},"minecraft:killed":{"minecraft:cave_spider":6,"minecraft:skeleton":74,"minecraft:chicken":28,"aether:moa":1,"minecraft:iron_golem":2,"minecraft:ender_dragon":1,"aether:sheepuff":3,"minecraft:pillager":61,"minecraft:zombie":81,"minecraft:cow":24,"minecraft:evoker":7,"aether:golden_swet":1,"minecraft:vindicator":32,"minecraft:husk":65,"minecraft:ravager":3,"minecraft:enderman":4,"minecraft:witch":4,"minecraft:spider":43,"minecraft:illusioner":9,"minecraft:piglin_brute":2,"minecraft:piglin":12,"minecraft:pig":59,"minecraft:zombie_villager":1,"minecraft:creeper":44,"aether:phyg":1,"aether:aechor_plant":2,"minecraft:sheep":16,"aether:zephyr":2,"minecraft:stray":4,"minecraft:ghast":17,"minecraft:blaze":27,"minecraft:vex":26,"minecraft:slime":2,"minecraft:phantom":2,"minecraft:hoglin":4,"aether:flying_cow":3,"minecraft:squid":1,"minecraft:wither_skeleton":13},"minecraft:killed_by":{"minecraft:pillager":1,"minecraft:vindicator":13,"minecraft:zombie":4,"minecraft:vex":3,"minecraft:husk":41,"minecraft:stray":1,"minecraft:ender_dragon":1,"minecraft:ghast":2,"minecraft:evoker":1,"minecraft:wither_skeleton":1,"minecraft:creeper":5,"minecraft:player":1,"minecraft:enderman":1,"minecraft:iron_golem":2,"minecraft:skeleton":24},"minecraft:used":{"minecraft:smooth_quartz_slab":1,"minecraft:black_carpet":2,"minecraft:chest":11,"travelersbackpack:diamond":4,"minecraft:quartz_stairs":1,"minecraft:rotten_flesh":1,"minecraft:snowball":4,"minecraft:azure_bluet":1,"minecraft:spruce_boat":4,"minecraft:lava_bucket":69,"minecraft:quartz_pillar":2,"minecraft:bow":488,"minecraft:oak_sapling":1,"minecraft:furnace":17,"minecraft:egg":4,"minecraft:leather_leggings":4,"minecraft:blackstone":19,"minecraft:leather_chestplate":2,"minecraft:wooden_pickaxe":24,"minecraft:composter":1,"minecraft:golden_apple":10,"minecraft:dark_oak_trapdoor":1,"minecraft:sand":48,"minecraft:lightning_rod":2,"minecraft:cyan_carpet":18,"minecraft:soul_lantern":1,"minecraft:diamond_sword":575,"minecraft:birch_log":2,"minecraft:waxed_cut_copper_stairs":1,"minecraft:oak_trapdoor":3,"minecraft:stone_sword":145,"minecraft:polished_blackstone_wall":1,"minecraft:netherrack":103,"minecraft:torch":477,"minecraft:anvil":1,"minecraft:twisting_vines":1,"minecraft:iron_axe":248,"minecraft:spruce_button":3,"minecraft:smooth_quartz":3,"minecraft:totem_of_undying":4,"minecraft:prismarine_slab":7,"minecraft:barrel":1,"minecraft:diamond_chestplate":11,"minecraft:basalt":10,"aether:skyroot_planks":4,"minecraft:cobbled_deepslate":527,"minecraft:calcite":9,"minecraft:water_bucket":75,"minecraft:birch_planks":19,"minecraft:fletching_table":10,"minecraft:leather_boots":1,"minecraft:cracked_stone_bricks":1,"minecraft:polished_blackstone_bricks":43,"minecraft:lime_terracotta":10,"minecraft:tnt":2,"minecraft:crafting_table":40,"minecraft:white_bed":13,"minecraft:cake":3,"minecraft:spruce_log":2,"minecraft:oak_log":8,"minecraft:dark_prismarine":6,"minecraft:ender_eye":19,"minecraft:diamond_pickaxe":2101,"minecraft:iron_pickaxe":223,"minecraft:spruce_trapdoor":2,"minecraft:cobblestone":356,"minecraft:potion":8,"minecraft:purple_bed":1,"minecraft:porkchop":7,"minecraft:cooked_porkchop":57,"minecraft:diamond_leggings":2,"minecraft:moss_carpet":1,"minecraft:red_sand":4,"minecraft:iron_shovel":348,"minecraft:polished_deepslate":1,"minecraft:shield":433,"minecraft:iron_sword":787,"minecraft:iron_chestplate":5,"minecraft:nether_bricks":121,"minecraft:carrot":2,"minecraft:obsidian":17,"minecraft:iron_helmet":9,"minecraft:crimson_roots":2,"minecraft:item_frame":2,"minecraft:birch_trapdoor":2,"minecraft:warped_fungus":1,"minecraft:hay_block":1,"minecraft:beetroot_seeds":2,"minecraft:dark_oak_stairs":2,"minecraft:end_rod":2,"minecraft:diamond_boots":8,"minecraft:stone_pickaxe":237,"minecraft:dark_oak_sign":1,"minecraft:oak_planks":113,"aether:gravitite_ore":1,"minecraft:ender_pearl":1,"minecraft:sugar_cane":16,"minecraft:diamond_axe":497,"minecraft:yellow_terracotta":4,"minecraft:crossbow":161,"minecraft:end_stone":37,"minecraft:melon_slice":1,"minecraft:string":1,"minecraft:bread":350,"minecraft:light_gray_concrete":2,"minecraft:cyan_bed":9,"minecraft:gravel":158,"minecraft:chainmail_boots":3,"minecraft:crimson_door":1,"minecraft:cooked_rabbit":1,"minecraft:air":1,"minecraft:white_concrete":1,"minecraft:coarse_dirt":14,"minecraft:bone_meal":1,"minecraft:netherite_sword":587,"minecraft:rose_bush":2,"minecraft:flint_and_steel":53,"minecraft:stone_shovel":244,"aether:cold_aercloud":12,"aether:aether_dirt":10,"minecraft:spruce_planks":194,"minecraft:cooked_chicken":16,"minecraft:dirt":159,"travelersbackpack:gray_sleeping_bag":1,"minecraft:diamond_helmet":11,"minecraft:dark_oak_planks":22,"minecraft:iron_boots":4,"minecraft:golden_carrot":21,"minecraft:cooked_beef":67,"aether:holystone":7,"minecraft:iron_leggings":7,"minecraft:beetroot_soup":1,"minecraft:quartz_bricks":7,"minecraft:cooked_mutton":60,"minecraft:glass_bottle":1,"minecraft:red_nether_bricks":1,"minecraft:baked_potato":3,"minecraft:brown_mushroom":1,"minecraft:warped_roots":8,"minecraft:red_mushroom":1,"minecraft:apple":5,"minecraft:cracked_polished_blackstone_bricks":25,"minecraft:map":1,"minecraft:stone_slab":2,"minecraft:stone_axe":274,"minecraft:end_crystal":1,"minecraft:bucket":158,"minecraft:pumpkin_pie":9,"minecraft:yellow_bed":2,"minecraft:gray_wool":1,"minecraft:splash_potion":2},"minecraft:broken":{"aether:golden_gloves":1,"minecraft:diamond_helmet":2,"minecraft:iron_leggings":1,"minecraft:iron_sword":1,"minecraft:crossbow":1,"minecraft:stone_sword":1,"minecraft:shield":6,"minecraft:iron_helmet":2,"minecraft:iron_shovel":2,"minecraft:leather_leggings":2,"minecraft:diamond_boots":1,"minecraft:stone_axe":1,"minecraft:stone_shovel":1,"minecraft:diamond_chestplate":1},"minecraft:crafted":{"aether:iron_ring":2,"minecraft:blaze_powder":12,"travelersbackpack:diamond":3,"minecraft:cooked_mutton":32,"minecraft:glass":41,"minecraft:diamond_helmet":2,"minecraft:diamond_leggings":2,"aether:diamond_gloves":1,"minecraft:wooden_shovel":1,"minecraft:emerald":93,"minecraft:cooked_porkchop":68,"minecraft:diamond_axe":1,"travelersbackpack:standard":3,"minecraft:copper_ingot":11,"minecraft:fletching_table":3,"minecraft:iron_pickaxe":2,"minecraft:iron_block":3,"minecraft:gold_ingot":311,"minecraft:stone_shovel":3,"travelersbackpack:white_sleeping_bag":3,"minecraft:stone_pickaxe":4,"minecraft:diamond_boots":3,"minecraft:dark_oak_planks":48,"securitycraft:blacklist_module":1,"aether:skyroot_planks":4,"minecraft:wheat":261,"minecraft:glowstone":14,"minecraft:golden_apple":24,"minecraft:birch_trapdoor":2,"minecraft:iron_shovel":3,"minecraft:iron_leggings":4,"minecraft:oak_planks":708,"minecraft:cooked_chicken":19,"minecraft:lightning_rod":1,"minecraft:bow":3,"minecraft:iron_boots":3,"travelersbackpack:gray_sleeping_bag":1,"minecraft:chest":14,"minecraft:stone_hoe":1,"minecraft:ender_eye":12,"minecraft:arrow":688,"minecraft:crafting_table":28,"minecraft:spruce_planks":1524,"minecraft:iron_helmet":7,"minecraft:wooden_pickaxe":3,"minecraft:baked_potato":8,"minecraft:birch_planks":180,"minecraft:tnt":3,"minecraft:apple":44,"minecraft:spruce_trapdoor":2,"minecraft:iron_chestplate":3,"minecraft:paper":3,"minecraft:charcoal":61,"minecraft:diamond_pickaxe":2,"minecraft:shield":19,"minecraft:stick":3085,"minecraft:iron_ingot":222,"minecraft:stone_sword":2,"minecraft:spruce_button":3,"minecraft:furnace":12,"minecraft:oak_trapdoor":4,"minecraft:flint_and_steel":2,"minecraft:iron_axe":3,"aether:iron_pendant":1,"minecraft:cooked_beef":54,"minecraft:diamond_sword":2,"travelersbackpack:backpack_tank":6,"minecraft:iron_sword":4,"minecraft:bucket":3,"minecraft:stone_axe":10,"minecraft:air":0,"minecraft:bread":509,"aether:iron_gloves":1,"minecraft:anvil":1,"minecraft:torch":628,"minecraft:diamond_chestplate":3},"minecraft:dropped":{"minecraft:stripped_mangrove_wood":6,"minecraft:lapis_lazuli":6,"minecraft:cooked_beef":21,"minecraft:glass_bottle":8,"minecraft:diamond":29,"minecraft:cooked_porkchop":51,"minecraft:dark_oak_slab":1,"minecraft:crossbow":2,"minecraft:cookie":1,"minecraft:warped_roots":1,"minecraft:cracked_stone_bricks":1,"minecraft:quartz_pillar":1,"minecraft:red_mushroom":3,"minecraft:item_frame":3,"minecraft:dirt":51,"minecraft:gray_concrete":1,"minecraft:stone_button":2,"minecraft:gold_nugget":37,"minecraft:sand":26,"minecraft:polished_blackstone_slab":6,"minecraft:mangrove_slab":1,"minecraft:white_wool":1,"minecraft:cyan_carpet":8,"minecraft:bone":27,"minecraft:stone_axe":5,"minecraft:iron_nugget":146,"minecraft:nether_brick":84,"minecraft:netherite_sword":2,"minecraft:rotten_flesh":166,"minecraft:oak_planks":148,"minecraft:glowstone_dust":19,"minecraft:blaze_powder":18,"minecraft:quartz_bricks":12,"minecraft:nether_brick_fence":1,"minecraft:warped_planks":3,"minecraft:deepslate_tiles":7,"minecraft:charcoal":7,"minecraft:quartz_block":2,"minecraft:acacia_sapling":1,"minecraft:leather_leggings":1,"minecraft:painting":1,"minecraft:spruce_slab":4,"minecraft:crying_obsidian":22,"minecraft:ghast_tear":2,"minecraft:stone_brick_stairs":6,"minecraft:egg":2,"minecraft:enchanted_book":1,"minecraft:iron_ingot":7,"minecraft:wheat_seeds":33,"minecraft:feather":5,"minecraft:cobblestone":64,"minecraft:golden_apple":1,"minecraft:gray_wool":1,"minecraft:golden_carrot":16,"minecraft:diamond_helmet":1,"minecraft:potion":3,"minecraft:white_banner":1,"minecraft:iron_shovel":2,"minecraft:player_head":1,"minecraft:dark_oak_sign":3,"minecraft:bowl":3,"minecraft:chicken":1,"minecraft:clay_ball":8,"minecraft:iron_boots":4,"minecraft:light_gray_concrete":1,"minecraft:nether_bricks":5,"minecraft:diamond_sword":3,"minecraft:potato":1,"minecraft:cyan_wool":11,"minecraft:flower_pot":3,"minecraft:spruce_trapdoor":2,"minecraft:spruce_planks":60,"minecraft:diamond_pickaxe":3,"minecraft:wooden_shovel":1,"minecraft:spider_eye":10,"minecraft:stone_bricks":23,"minecraft:bow":7,"minecraft:dark_prismarine":7,"minecraft:soul_sand":130,"minecraft:brown_mushroom":2,"minecraft:birch_planks":120,"minecraft:oak_log":32,"minecraft:lantern":1,"minecraft:flint":14,"minecraft:cracked_polished_blackstone_bricks":12,"minecraft:mutton":1,"minecraft:crimson_roots":1,"minecraft:gilded_blackstone":2,"minecraft:amethyst_shard":1,"minecraft:polished_blackstone_bricks":6,"minecraft:gold_ingot":146,"minecraft:gravel":442,"minecraft:chiseled_polished_blackstone":2,"minecraft:crimson_fungus":1,"minecraft:blackstone":181,"minecraft:twisting_vines":1,"minecraft:beetroot":1,"minecraft:white_candle":3,"minecraft:cooked_mutton":1,"minecraft:honey_bottle":1,"minecraft:chiseled_stone_bricks":1,"minecraft:poppy":3,"minecraft:leather_chestplate":1,"minecraft:gunpowder":7,"minecraft:birch_trapdoor":1,"minecraft:stone_brick_wall":1,"minecraft:glowstone":14,"minecraft:birch_door":1,"minecraft:chest":2,"minecraft:arrow":266,"minecraft:quartz":26,"minecraft:netherrack":27,"minecraft:bread":95,"minecraft:golden_helmet":1,"securitycraft:blacklist_module":1,"minecraft:mossy_cobblestone":6,"minecraft:tropical_fish":3,"minecraft:spruce_stairs":2,"minecraft:stick":4,"minecraft:brewing_stand":1,"minecraft:torch":1,"minecraft:white_concrete":4,"minecraft:smooth_quartz":2,"minecraft:iron_leggings":3,"minecraft:smooth_quartz_slab":1,"minecraft:smooth_basalt":4,"travelersbackpack:diamond":3,"minecraft:chiseled_quartz_block":2,"minecraft:raw_copper":12,"minecraft:tuff":1,"minecraft:composter":4,"minecraft:wither_skeleton_skull":1,"minecraft:light_gray_wool":1,"minecraft:warped_door":1,"minecraft:shield":9,"aether:chainmail_gloves":1,"minecraft:andesite":1,"minecraft:diamond_boots":3,"minecraft:spruce_log":16,"minecraft:stone_pickaxe":2,"minecraft:wooden_pickaxe":2,"minecraft:magma_cream":1,"minecraft:calcite":17}},"DataVersion":3465}