{"stats":{"minecraft:crafted":{"aether:iron_ring":2,"minecraft:blaze_powder":12,"travelersbackpack:diamond":1,"minecraft:cooked_mutton":32,"minecraft:glass":17,"minecraft:diamond_helmet":1,"minecraft:diamond_leggings":1,"aether:diamond_gloves":1,"minecraft:wooden_shovel":1,"minecraft:emerald":93,"minecraft:cooked_porkchop":68,"minecraft:diamond_axe":1,"travelersbackpack:standard":1,"minecraft:copper_ingot":11,"minecraft:fletching_table":3,"minecraft:iron_pickaxe":2,"minecraft:iron_block":3,"minecraft:gold_ingot":200,"minecraft:stone_shovel":2,"travelersbackpack:white_sleeping_bag":1,"minecraft:stone_pickaxe":4,"minecraft:diamond_boots":2,"minecraft:dark_oak_planks":48,"securitycraft:blacklist_module":1,"aether:skyroot_planks":4,"minecraft:wheat":261,"minecraft:glowstone":14,"minecraft:golden_apple":4,"minecraft:birch_trapdoor":2,"minecraft:iron_shovel":3,"minecraft:iron_leggings":4,"minecraft:oak_planks":708,"minecraft:cooked_chicken":19,"minecraft:lightning_rod":1,"minecraft:bow":3,"minecraft:iron_boots":3,"travelersbackpack:gray_sleeping_bag":1,"minecraft:chest":12,"minecraft:stone_hoe":1,"minecraft:ender_eye":12,"minecraft:arrow":688,"minecraft:crafting_table":26,"minecraft:spruce_planks":1384,"minecraft:wooden_pickaxe":3,"minecraft:baked_potato":8,"minecraft:iron_helmet":6,"minecraft:birch_planks":180,"minecraft:tnt":3,"minecraft:apple":44,"minecraft:spruce_trapdoor":2,"minecraft:iron_chestplate":3,"minecraft:paper":3,"minecraft:charcoal":61,"minecraft:diamond_pickaxe":2,"minecraft:shield":18,"minecraft:stick":3085,"minecraft:iron_ingot":216,"minecraft:stone_sword":2,"minecraft:spruce_button":3,"minecraft:furnace":11,"minecraft:oak_trapdoor":4,"minecraft:flint_and_steel":2,"minecraft:iron_axe":3,"aether:iron_pendant":1,"minecraft:cooked_beef":54,"minecraft:diamond_sword":2,"travelersbackpack:backpack_tank":2,"minecraft:iron_sword":4,"minecraft:bucket":2,"minecraft:stone_axe":10,"minecraft:air":0,"minecraft:bread":509,"aether:iron_gloves":1,"minecraft:anvil":1,"minecraft:torch":564,"minecraft:diamond_chestplate":2},"minecraft:dropped":{"minecraft:stripped_mangrove_wood":6,"minecraft:lapis_lazuli":6,"minecraft:glass_bottle":4,"minecraft:diamond":29,"minecraft:cooked_porkchop":51,"minecraft:dark_oak_slab":1,"minecraft:crossbow":2,"minecraft:warped_roots":1,"minecraft:quartz_pillar":1,"minecraft:red_mushroom":3,"minecraft:item_frame":3,"minecraft:dirt":50,"minecraft:gray_concrete":1,"minecraft:gold_nugget":31,"minecraft:sand":26,"minecraft:polished_blackstone_slab":6,"minecraft:mangrove_slab":1,"minecraft:white_wool":1,"minecraft:cyan_carpet":8,"minecraft:bone":24,"minecraft:stone_axe":5,"minecraft:iron_nugget":146,"minecraft:nether_brick":84,"minecraft:netherite_sword":2,"minecraft:rotten_flesh":158,"minecraft:oak_planks":148,"minecraft:glowstone_dust":19,"minecraft:quartz_bricks":12,"minecraft:nether_brick_fence":1,"minecraft:warped_planks":3,"minecraft:deepslate_tiles":7,"minecraft:charcoal":7,"minecraft:quartz_block":2,"minecraft:leather_leggings":1,"minecraft:crying_obsidian":22,"minecraft:ghast_tear":2,"minecraft:egg":2,"minecraft:enchanted_book":1,"minecraft:iron_ingot":7,"minecraft:wheat_seeds":32,"minecraft:feather":5,"minecraft:cobblestone":64,"minecraft:golden_apple":1,"minecraft:gray_wool":1,"minecraft:golden_carrot":16,"minecraft:diamond_helmet":1,"minecraft:potion":3,"minecraft:white_banner":1,"minecraft:iron_shovel":2,"minecraft:player_head":1,"minecraft:dark_oak_sign":3,"minecraft:bowl":3,"minecraft:chicken":1,"minecraft:clay_ball":8,"minecraft:iron_boots":4,"minecraft:light_gray_concrete":1,"minecraft:nether_bricks":5,"minecraft:diamond_sword":3,"minecraft:potato":1,"minecraft:cyan_wool":11,"minecraft:spruce_planks":60,"minecraft:diamond_pickaxe":3,"minecraft:wooden_shovel":1,"minecraft:stone_bricks":6,"minecraft:spider_eye":10,"minecraft:bow":6,"minecraft:dark_prismarine":7,"minecraft:soul_sand":130,"minecraft:brown_mushroom":2,"minecraft:birch_planks":120,"minecraft:oak_log":32,"minecraft:flint":14,"minecraft:cracked_polished_blackstone_bricks":12,"minecraft:mutton":1,"minecraft:crimson_roots":1,"minecraft:gilded_blackstone":2,"minecraft:polished_blackstone_bricks":6,"minecraft:gold_ingot":146,"minecraft:gravel":426,"minecraft:chiseled_polished_blackstone":2,"minecraft:crimson_fungus":1,"minecraft:blackstone":181,"minecraft:twisting_vines":1,"minecraft:cooked_mutton":1,"minecraft:honey_bottle":1,"minecraft:poppy":3,"minecraft:leather_chestplate":1,"minecraft:gunpowder":7,"minecraft:birch_trapdoor":1,"minecraft:glowstone":14,"minecraft:birch_door":1,"minecraft:chest":2,"minecraft:arrow":265,"minecraft:quartz":26,"minecraft:netherrack":27,"minecraft:bread":95,"minecraft:golden_helmet":1,"securitycraft:blacklist_module":1,"minecraft:mossy_cobblestone":4,"minecraft:spruce_stairs":2,"minecraft:stick":4,"minecraft:brewing_stand":1,"minecraft:torch":1,"minecraft:white_concrete":4,"minecraft:smooth_quartz":2,"minecraft:iron_leggings":3,"minecraft:smooth_quartz_slab":1,"minecraft:smooth_basalt":4,"minecraft:chiseled_quartz_block":2,"minecraft:raw_copper":6,"minecraft:tuff":1,"minecraft:composter":4,"minecraft:light_gray_wool":1,"minecraft:warped_door":1,"minecraft:shield":6,"aether:chainmail_gloves":1,"minecraft:diamond_boots":1,"minecraft:spruce_log":16,"minecraft:stone_pickaxe":2,"minecraft:wooden_pickaxe":2,"minecraft:magma_cream":1,"minecraft:calcite":17},"minecraft:killed_by":{"minecraft:pillager":1,"minecraft:vindicator":1,"minecraft:zombie":4,"minecraft:vex":1,"minecraft:husk":41,"minecraft:stray":1,"minecraft:ghast":2,"minecraft:wither_skeleton":1,"minecraft:creeper":5,"minecraft:iron_golem":2,"minecraft:skeleton":24},"minecraft:broken":{"aether:golden_gloves":1,"minecraft:diamond_helmet":1,"minecraft:iron_leggings":1,"minecraft:iron_sword":1,"minecraft:crossbow":1,"minecraft:stone_sword":1,"minecraft:shield":5,"minecraft:iron_helmet":2,"minecraft:iron_shovel":2,"minecraft:leather_leggings":2,"minecraft:diamond_boots":1,"minecraft:stone_axe":1,"minecraft:stone_shovel":1},"minecraft:killed":{"minecraft:cave_spider":6,"minecraft:skeleton":73,"minecraft:chicken":28,"aether:moa":1,"minecraft:iron_golem":2,"aether:sheepuff":3,"minecraft:pillager":54,"minecraft:zombie":75,"minecraft:cow":24,"minecraft:evoker":4,"aether:golden_swet":1,"minecraft:vindicator":25,"minecraft:husk":65,"minecraft:ravager":3,"minecraft:witch":2,"minecraft:spider":42,"minecraft:illusioner":5,"minecraft:piglin_brute":2,"minecraft:piglin":12,"minecraft:pig":59,"minecraft:zombie_villager":1,"minecraft:creeper":44,"aether:phyg":1,"aether:aechor_plant":2,"minecraft:sheep":16,"aether:zephyr":2,"minecraft:stray":4,"minecraft:ghast":17,"minecraft:blaze":27,"minecraft:vex":19,"minecraft:slime":2,"minecraft:phantom":2,"minecraft:hoglin":4,"aether:flying_cow":3,"minecraft:squid":1,"minecraft:wither_skeleton":13},"minecraft:picked_up":{"minecraft:birch_door":1,"minecraft:iron_chestplate":36,"minecraft:chainmail_boots":23,"minecraft:diamond_sword":5,"minecraft:enchanted_book":1,"minecraft:brewing_stand":24,"minecraft:polished_deepslate_wall":1,"minecraft:polished_deepslate":3,"minecraft:string":148,"minecraft:dark_oak_trapdoor":22,"minecraft:soul_soil":1,"minecraft:red_nether_bricks":4,"minecraft:beetroot_soup":2,"minecraft:beetroot":249,"minecraft:diamond_leggings":5,"minecraft:gold_nugget":65,"minecraft:cobbled_deepslate":983,"minecraft:spruce_planks":411,"minecraft:melon_slice":129,"minecraft:coal_block":4,"minecraft:golden_helmet":1,"minecraft:composter":13,"minecraft:lightning_rod":3,"minecraft:warped_planks":5,"minecraft:warped_door":1,"minecraft:brown_carpet":12,"minecraft:waxed_cut_copper_stairs":1,"minecraft:stone_sword":8,"minecraft:honey_bottle":21,"aether:chainmail_gloves":1,"minecraft:glowstone":2,"minecraft:end_rod":5,"securitycraft:blacklist_module":2,"minecraft:blaze_rod":19,"minecraft:iron_bars":1,"minecraft:snowball":64,"minecraft:birch_log":59,"minecraft:magma_block":2,"minecraft:feather":85,"minecraft:cooked_beef":164,"minecraft:water_bucket":12,"minecraft:flint":203,"minecraft:map":4,"minecraft:gray_concrete":1,"minecraft:mangrove_slab":1,"minecraft:twisting_vines":2,"minecraft:dark_oak_sign":13,"minecraft:diamond_helmet":28,"minecraft:glowstone_dust":93,"minecraft:moss_block":3,"minecraft:chiseled_polished_blackstone":2,"minecraft:lime_terracotta":10,"minecraft:stripped_spruce_log":1,"minecraft:ink_sac":1,"minecraft:crimson_door":1,"minecraft:barrel":2,"minecraft:quartz_bricks":28,"minecraft:spruce_button":1,"minecraft:bread":2036,"minecraft:rooted_dirt":1,"minecraft:crimson_roots":3,"minecraft:diamond_pickaxe":22,"minecraft:crafting_table":24,"minecraft:coarse_dirt":25,"minecraft:clay_ball":8,"minecraft:leather_leggings":17,"aether:aether_dirt":10,"minecraft:flint_and_steel":6,"minecraft:iron_shovel":6,"minecraft:polished_blackstone_wall":1,"minecraft:netherite_sword":8,"minecraft:beef":153,"minecraft:cyan_wool":22,"minecraft:iron_nugget":146,"minecraft:poppy":3,"minecraft:quartz_stairs":1,"minecraft:chest":2,"minecraft:piston":64,"aether:iron_pendant":4,"minecraft:egg":6,"minecraft:glow_item_frame":1,"minecraft:fire_charge":48,"minecraft:cake":29,"minecraft:carrot":293,"minecraft:redstone":214,"minecraft:tnt":20,"aether:skyroot_log":1,"minecraft:stone_shovel":3,"minecraft:diamond_chestplate":12,"minecraft:decorated_pot":2,"minecraft:beetroot_seeds":2,"minecraft:diamond_boots":9,"minecraft:hay_block":68,"minecraft:yellow_terracotta":4,"minecraft:gold_ingot":217,"minecraft:totem_of_undying":9,"minecraft:mutton":70,"minecraft:white_wool":33,"minecraft:tripwire_hook":26,"minecraft:red_mushroom":6,"minecraft:filled_map":4,"minecraft:oak_log":413,"minecraft:paper":2,"minecraft:white_banner":2,"minecraft:apple":437,"minecraft:stone_bricks":6,"minecraft:stone_pickaxe":65,"minecraft:glass_bottle":14,"minecraft:iron_sword":21,"minecraft:dark_oak_stairs":2,"minecraft:dark_oak_slab":1,"minecraft:smooth_basalt":4,"minecraft:sweet_berries":1,"minecraft:gravel":1321,"minecraft:spruce_sapling":1,"minecraft:spruce_log":363,"minecraft:crying_obsidian":22,"minecraft:purple_bed":1,"minecraft:slime_ball":10,"minecraft:stone_axe":50,"minecraft:diamond_axe":6,"minecraft:gray_wool":10,"minecraft:warped_roots":13,"minecraft:red_nether_brick_slab":6,"minecraft:smooth_quartz_slab":2,"minecraft:ender_pearl":27,"minecraft:black_carpet":2,"minecraft:wheat":166,"minecraft:nether_brick_fence":1,"aether:iron_gloves":11,"minecraft:potion":6,"minecraft:gilded_blackstone":2,"minecraft:nether_brick":81,"minecraft:raw_copper":17,"travelersbackpack:diamond":1,"aether:diamond_gloves":5,"minecraft:iron_leggings":15,"minecraft:deepslate_tiles":7,"minecraft:red_sand":4,"minecraft:comparator":33,"minecraft:bucket":6,"minecraft:eye_armor_trim_smithing_template":3,"minecraft:rose_bush":2,"minecraft:ender_eye":23,"minecraft:calcite":106,"minecraft:smooth_quartz":7,"minecraft:iron_pickaxe":14,"minecraft:iron_boots":14,"minecraft:furnace":22,"minecraft:tipped_arrow":2,"minecraft:stick":120,"minecraft:birch_trapdoor":2,"minecraft:torch":753,"minecraft:spruce_stairs":8,"minecraft:porkchop":177,"minecraft:quartz_block":2,"minecraft:rotten_flesh":494,"aether:iron_ring":19,"aether:gravitite_ore":2,"minecraft:obsidian":55,"minecraft:cobblestone":1475,"minecraft:leather_chestplate":6,"minecraft:magma_cream":1,"minecraft:andesite":3,"minecraft:chiseled_quartz_block":2,"minecraft:potato":4,"minecraft:tuff":33,"minecraft:dirt":484,"minecraft:lapis_lazuli":103,"minecraft:name_tag":1,"minecraft:leather_boots":4,"minecraft:bone":168,"minecraft:acacia_planks":3,"minecraft:bow":34,"minecraft:wheat_seeds":93,"aether:holystone":7,"minecraft:raw_gold":113,"aether:cold_aercloud":14,"minecraft:cyan_candle":6,"minecraft:fletching_table":7,"minecraft:bamboo":234,"minecraft:oak_planks":479,"minecraft:ghast_tear":4,"minecraft:cooked_porkchop":53,"minecraft:polished_blackstone_slab":6,"minecraft:sand":89,"minecraft:jungle_planks":6,"minecraft:cyan_bed":76,"minecraft:spectral_arrow":73,"minecraft:mossy_cobblestone":4,"minecraft:dark_prismarine":18,"minecraft:light_gray_concrete":6,"minecraft:soul_lantern":1,"minecraft:slime_block":12,"minecraft:diamond":242,"minecraft:spruce_boat":9,"aether:ambrosium_shard":4,"minecraft:cracked_polished_blackstone_bricks":49,"minecraft:crossbow":10,"minecraft:white_concrete":9,"minecraft:bone_meal":1,"minecraft:golden_apple":24,"minecraft:emerald":45,"minecraft:oak_sapling":2,"minecraft:netherrack":159,"aether:aechor_petal":2,"minecraft:charcoal":79,"minecraft:azure_bluet":1,"minecraft:splash_potion":3,"minecraft:chicken":55,"minecraft:ladder":1,"minecraft:brown_mushroom":4,"minecraft:wooden_pickaxe":2,"minecraft:gold_block":15,"minecraft:shield":46,"minecraft:moss_carpet":1,"minecraft:iron_axe":13,"minecraft:item_frame":13,"minecraft:warped_fence":1,"minecraft:cyan_carpet":82,"minecraft:blackstone":200,"minecraft:blue_orchid":2,"minecraft:player_head":8,"minecraft:light_gray_wool":1,"minecraft:lectern":24,"minecraft:sugar_cane":19,"minecraft:raw_iron":416,"minecraft:stripped_mangrove_wood":6,"minecraft:bowl":19,"minecraft:polished_blackstone_bricks":49,"minecraft:quartz_pillar":3,"minecraft:dark_oak_planks":175,"minecraft:arrow":1013,"minecraft:pumpkin_pie":205,"minecraft:nether_bricks":142,"minecraft:stripped_dark_oak_wood":4,"minecraft:saddle":6,"minecraft:glistering_melon_slice":286,"minecraft:prismarine_slab":7,"minecraft:basalt":11,"minecraft:golden_carrot":32,"minecraft:leather":131,"minecraft:birch_planks":271,"minecraft:mushroom_stew":36,"minecraft:crimson_fungus":1,"minecraft:gunpowder":135,"minecraft:yellow_bed":4,"minecraft:cooked_mutton":200,"minecraft:gray_carpet":3,"minecraft:iron_ingot":97,"minecraft:cooked_chicken":89,"minecraft:stripped_oak_wood":13,"minecraft:soul_sand":122,"minecraft:book":1182,"minecraft:warped_fungus":1,"minecraft:quartz":26,"minecraft:lava_bucket":11,"minecraft:white_bed":20,"minecraft:spider_eye":43,"minecraft:white_concrete_powder":5,"minecraft:iron_helmet":12,"minecraft:dark_oak_wood":8,"minecraft:coal":576},"minecraft:mined":{"minecraft:dark_oak_planks":26,"minecraft:white_bed":11,"minecraft:red_nether_bricks":3,"minecraft:obsidian":1,"minecraft:chiseled_polished_blackstone":14,"minecraft:coal_block":4,"minecraft:red_stained_glass_pane":1,"minecraft:spawner":8,"minecraft:polished_blackstone_bricks":71,"minecraft:dark_oak_trapdoor":1,"minecraft:cobbled_deepslate":10,"minecraft:fire":138,"minecraft:barrel":1,"minecraft:moss_carpet":1,"minecraft:fletching_table":7,"minecraft:stripped_dark_oak_wood":4,"minecraft:dirt_path":1,"minecraft:light_gray_concrete":8,"minecraft:stripped_mangrove_wood":6,"minecraft:player_head":2,"minecraft:brown_mushroom":2,"minecraft:crimson_nylium":23,"minecraft:soul_fire":216,"minecraft:torch":12,"minecraft:dark_oak_wood":9,"minecraft:melon":1,"minecraft:dead_bush":1,"minecraft:cyan_bed":10,"minecraft:sugar_cane":10,"travelersbackpack:diamond":1,"minecraft:light_gray_stained_glass":6,"minecraft:wheat":111,"minecraft:warped_fungus":1,"minecraft:wither_rose":1,"minecraft:grass":218,"minecraft:smooth_quartz":6,"minecraft:deepslate":397,"minecraft:yellow_terracotta":4,"minecraft:dark_prismarine":1,"minecraft:mossy_cobblestone":3,"minecraft:nether_bricks":147,"minecraft:allium":1,"minecraft:jungle_planks":6,"minecraft:crimson_roots":2,"minecraft:redstone_wire":4,"minecraft:moss_block":3,"minecraft:red_mushroom":2,"minecraft:black_stained_glass_pane":2,"minecraft:andesite":3,"minecraft:vine":3,"aether:gravitite_ore":2,"minecraft:gray_concrete":1,"minecraft:warped_roots":8,"minecraft:lightning_rod":1,"minecraft:tall_grass":104,"minecraft:copper_ore":4,"minecraft:deepslate_gold_ore":73,"minecraft:diorite":1,"minecraft:purple_bed":1,"minecraft:coarse_dirt":26,"minecraft:spruce_log":335,"minecraft:birch_leaves":7,"minecraft:gravel":489,"minecraft:cobweb":1,"minecraft:acacia_planks":3,"minecraft:stone_bricks":6,"minecraft:fern":8,"minecraft:spruce_planks":10,"aether:cold_aercloud":5,"minecraft:brewing_stand":1,"minecraft:grass_block":31,"minecraft:cracked_polished_blackstone_bricks":57,"minecraft:soul_soil":1,"minecraft:composter":3,"minecraft:gilded_blackstone":2,"minecraft:glowstone":19,"minecraft:iron_ore":65,"minecraft:azure_bluet":1,"minecraft:dark_oak_stairs":2,"minecraft:waxed_cut_copper_stairs":1,"minecraft:deepslate_redstone_ore":1,"aether:holystone":7,"minecraft:polished_blackstone_wall":1,"minecraft:blackstone":92,"minecraft:chiseled_quartz_block":2,"minecraft:clay":1,"minecraft:calcite":26,"minecraft:cobblestone":24,"minecraft:slime_block":14,"minecraft:oak_planks":5,"minecraft:wall_torch":3,"minecraft:warped_nylium":5,"minecraft:dark_oak_slab":1,"minecraft:birch_log":44,"minecraft:birch_trapdoor":1,"minecraft:stripped_oak_wood":13,"aether:aether_grass_block":4,"minecraft:tnt":1,"minecraft:oak_log":130,"minecraft:beetroots":3,"minecraft:lime_terracotta":10,"minecraft:sand":30,"minecraft:dirt":59,"minecraft:tripwire_hook":3,"aether:ambrosium_ore":3,"minecraft:netherrack":77,"minecraft:polished_deepslate_wall":1,"minecraft:oak_leaves":25,"minecraft:nether_gold_ore":2,"minecraft:tuff":23,"minecraft:deepslate_diamond_ore":88,"minecraft:spruce_leaves":30,"minecraft:rooted_dirt":1,"minecraft:large_fern":1,"minecraft:hay_block":41,"aether:aether_dirt":6,"minecraft:furnace":9,"minecraft:stripped_spruce_log":1,"minecraft:gold_block":15,"minecraft:nether_brick_fence":1,"minecraft:polished_deepslate":3,"aether:skyroot_log":1,"minecraft:bookshelf":15,"minecraft:deepslate_iron_ore":156,"minecraft:lantern":1,"minecraft:stone":516,"minecraft:podzol":15,"minecraft:basalt":11,"minecraft:crafting_table":16,"minecraft:blackstone_slab":2,"minecraft:rose_bush":2,"minecraft:lectern":1,"minecraft:lapis_ore":4,"minecraft:spruce_stairs":2,"minecraft:birch_planks":4,"minecraft:yellow_bed":2,"minecraft:mangrove_slab":1,"minecraft:coal_ore":144,"minecraft:end_rod":6,"minecraft:cyan_carpet":3,"minecraft:gray_carpet":1},"minecraft:custom":{"minecraft:interact_with_crafting_table":143,"minecraft:open_barrel":85,"minecraft:bell_ring":14,"minecraft:eat_cake_slice":25,"minecraft:leave_game":20,"minecraft:time_since_death":12758,"minecraft:damage_blocked_by_shield":21880,"minecraft:play_time":796833,"minecraft:deaths":107,"minecraft:jump":19322,"minecraft:enchant_item":8,"minecraft:interact_with_furnace":227,"minecraft:traded_with_villager":194,"minecraft:sleep_in_bed":14,"minecraft:damage_dealt":116443,"minecraft:interact_with_smoker":11,"minecraft:inspect_dispenser":19,"minecraft:interact_with_anvil":10,"minecraft:sneak_time":69484,"minecraft:interact_with_lectern":2,"minecraft:interact_with_blast_furnace":5,"minecraft:total_world_time":796833,"minecraft:tune_noteblock":5,"minecraft:time_since_rest":12806,"minecraft:swim_one_cm":133399,"minecraft:fly_one_cm":3831471,"minecraft:open_chest":402,"minecraft:fall_one_cm":615947,"minecraft:damage_resisted":413,"minecraft:sprint_one_cm":3431199,"minecraft:drop":413,"minecraft:play_noteblock":1,"minecraft:talked_to_villager":47,"minecraft:interact_with_brewingstand":1,"minecraft:walk_on_water_one_cm":69667,"minecraft:interact_with_loom":1,"minecraft:player_kills":9,"minecraft:crouch_one_cm":166993,"minecraft:mob_kills":666,"minecraft:damage_dealt_resisted":409,"minecraft:climb_one_cm":42022,"minecraft:walk_one_cm":1475315,"minecraft:walk_under_water_one_cm":51820,"minecraft:boat_one_cm":81483,"minecraft:interact_with_grindstone":1,"minecraft:damage_taken":67108,"minecraft:damage_absorbed":297,"minecraft:trigger_trapped_chest":2},"minecraft:used":{"minecraft:smooth_quartz_slab":1,"minecraft:black_carpet":2,"minecraft:chest":11,"travelersbackpack:diamond":2,"minecraft:quartz_stairs":1,"minecraft:rotten_flesh":1,"minecraft:snowball":4,"minecraft:azure_bluet":1,"minecraft:spruce_boat":4,"minecraft:lava_bucket":69,"minecraft:quartz_pillar":2,"minecraft:bow":235,"minecraft:oak_sapling":1,"minecraft:furnace":16,"minecraft:egg":4,"minecraft:leather_leggings":4,"minecraft:blackstone":19,"minecraft:leather_chestplate":2,"minecraft:wooden_pickaxe":24,"minecraft:composter":1,"minecraft:golden_apple":7,"minecraft:dark_oak_trapdoor":1,"minecraft:sand":47,"minecraft:lightning_rod":2,"minecraft:cyan_carpet":18,"minecraft:soul_lantern":1,"minecraft:diamond_sword":575,"minecraft:birch_log":2,"minecraft:waxed_cut_copper_stairs":1,"minecraft:oak_trapdoor":3,"minecraft:stone_sword":145,"minecraft:polished_blackstone_wall":1,"minecraft:netherrack":103,"minecraft:torch":411,"minecraft:anvil":1,"minecraft:twisting_vines":1,"minecraft:iron_axe":248,"minecraft:spruce_button":3,"minecraft:smooth_quartz":3,"minecraft:totem_of_undying":4,"minecraft:prismarine_slab":7,"minecraft:barrel":1,"minecraft:diamond_chestplate":6,"minecraft:basalt":10,"aether:skyroot_planks":4,"minecraft:cobbled_deepslate":527,"minecraft:calcite":9,"minecraft:water_bucket":49,"minecraft:birch_planks":19,"minecraft:fletching_table":10,"minecraft:leather_boots":1,"minecraft:polished_blackstone_bricks":43,"minecraft:lime_terracotta":10,"minecraft:tnt":1,"minecraft:crafting_table":38,"minecraft:white_bed":11,"minecraft:cake":3,"minecraft:spruce_log":2,"minecraft:oak_log":8,"minecraft:dark_prismarine":6,"minecraft:ender_eye":19,"minecraft:diamond_pickaxe":1788,"minecraft:iron_pickaxe":223,"minecraft:spruce_trapdoor":2,"minecraft:cobblestone":233,"minecraft:potion":3,"minecraft:purple_bed":1,"minecraft:porkchop":7,"minecraft:cooked_porkchop":57,"minecraft:diamond_leggings":1,"minecraft:moss_carpet":1,"minecraft:red_sand":4,"minecraft:iron_shovel":348,"minecraft:polished_deepslate":1,"minecraft:shield":345,"minecraft:iron_sword":786,"minecraft:iron_chestplate":5,"minecraft:nether_bricks":121,"minecraft:carrot":2,"minecraft:obsidian":8,"minecraft:iron_helmet":9,"minecraft:crimson_roots":2,"minecraft:item_frame":2,"minecraft:birch_trapdoor":2,"minecraft:warped_fungus":1,"minecraft:hay_block":1,"minecraft:beetroot_seeds":2,"minecraft:dark_oak_stairs":2,"minecraft:end_rod":2,"minecraft:diamond_boots":5,"minecraft:stone_pickaxe":237,"minecraft:dark_oak_sign":1,"minecraft:oak_planks":113,"aether:gravitite_ore":1,"minecraft:ender_pearl":1,"minecraft:sugar_cane":16,"minecraft:diamond_axe":487,"minecraft:yellow_terracotta":4,"minecraft:crossbow":55,"minecraft:melon_slice":1,"minecraft:string":1,"minecraft:bread":329,"minecraft:light_gray_concrete":2,"minecraft:cyan_bed":9,"minecraft:gravel":158,"minecraft:chainmail_boots":3,"minecraft:crimson_door":1,"minecraft:air":1,"minecraft:white_concrete":1,"minecraft:coarse_dirt":14,"minecraft:bone_meal":1,"minecraft:netherite_sword":366,"minecraft:rose_bush":2,"minecraft:flint_and_steel":50,"minecraft:stone_shovel":182,"aether:cold_aercloud":12,"aether:aether_dirt":10,"minecraft:spruce_planks":68,"minecraft:cooked_chicken":13,"minecraft:dirt":111,"travelersbackpack:gray_sleeping_bag":1,"minecraft:diamond_helmet":10,"minecraft:dark_oak_planks":22,"minecraft:iron_boots":4,"minecraft:golden_carrot":16,"minecraft:cooked_beef":51,"aether:holystone":7,"minecraft:iron_leggings":7,"minecraft:beetroot_soup":1,"minecraft:quartz_bricks":7,"minecraft:cooked_mutton":41,"minecraft:red_nether_bricks":1,"minecraft:baked_potato":3,"minecraft:brown_mushroom":1,"minecraft:warped_roots":8,"minecraft:red_mushroom":1,"minecraft:apple":5,"minecraft:cracked_polished_blackstone_bricks":25,"minecraft:map":1,"minecraft:stone_axe":274,"minecraft:bucket":125,"minecraft:yellow_bed":2,"minecraft:pumpkin_pie":9,"minecraft:gray_wool":1}},"DataVersion":3465}