{"stats":{"minecraft:crafted":{"minecraft:oak_planks":336,"aether:iron_ring":2,"minecraft:cooked_chicken":5,"minecraft:cooked_mutton":16,"minecraft:bow":1,"minecraft:iron_boots":1,"travelersbackpack:gray_sleeping_bag":1,"minecraft:chest":3,"aether:diamond_gloves":1,"minecraft:stone_hoe":1,"minecraft:wooden_shovel":1,"minecraft:arrow":88,"minecraft:cooked_porkchop":68,"minecraft:crafting_table":12,"minecraft:spruce_planks":124,"minecraft:iron_helmet":2,"minecraft:wooden_pickaxe":2,"minecraft:baked_potato":8,"minecraft:birch_planks":100,"minecraft:iron_chestplate":2,"minecraft:diamond_pickaxe":1,"minecraft:shield":6,"minecraft:stick":141,"minecraft:iron_ingot":95,"minecraft:iron_pickaxe":1,"minecraft:stone_sword":1,"minecraft:gold_ingot":2,"minecraft:stone_shovel":1,"minecraft:furnace":3,"minecraft:flint_and_steel":1,"minecraft:iron_axe":2,"minecraft:stone_pickaxe":3,"minecraft:diamond_boots":1,"minecraft:dark_oak_planks":48,"aether:iron_pendant":1,"minecraft:wheat":63,"minecraft:cooked_beef":29,"minecraft:diamond_sword":1,"minecraft:iron_sword":2,"minecraft:bucket":1,"minecraft:stone_axe":9,"minecraft:bread":21,"minecraft:air":0,"aether:iron_gloves":1,"minecraft:iron_shovel":1,"minecraft:iron_leggings":2,"minecraft:torch":188,"minecraft:diamond_chestplate":1},"minecraft:picked_up":{"minecraft:birch_door":1,"minecraft:iron_chestplate":33,"minecraft:chainmail_boots":23,"minecraft:nether_brick_fence":1,"aether:iron_gloves":11,"minecraft:diamond_sword":2,"minecraft:enchanted_book":1,"minecraft:brewing_stand":24,"minecraft:polished_deepslate_wall":1,"minecraft:polished_deepslate":3,"minecraft:string":20,"minecraft:dark_oak_trapdoor":22,"minecraft:red_nether_bricks":4,"minecraft:iron_leggings":6,"minecraft:beetroot_soup":2,"minecraft:beetroot":249,"minecraft:gold_nugget":5,"minecraft:cobbled_deepslate":264,"minecraft:comparator":33,"minecraft:bucket":1,"minecraft:spruce_planks":392,"minecraft:eye_armor_trim_smithing_template":3,"minecraft:rose_bush":2,"minecraft:calcite":106,"minecraft:smooth_quartz":3,"minecraft:iron_pickaxe":5,"minecraft:melon_slice":129,"minecraft:coal_block":4,"minecraft:furnace":6,"minecraft:iron_boots":8,"minecraft:tipped_arrow":1,"minecraft:stick":62,"minecraft:birch_trapdoor":2,"minecraft:torch":237,"minecraft:spruce_stairs":8,"minecraft:porkchop":174,"minecraft:brown_carpet":12,"minecraft:waxed_cut_copper_stairs":1,"minecraft:stone_sword":4,"minecraft:honey_bottle":21,"minecraft:rotten_flesh":415,"aether:chainmail_gloves":1,"minecraft:end_rod":2,"aether:iron_ring":8,"minecraft:blaze_rod":12,"minecraft:obsidian":16,"minecraft:iron_bars":1,"minecraft:cobblestone":610,"minecraft:birch_log":27,"minecraft:leather_chestplate":6,"minecraft:feather":41,"minecraft:water_bucket":6,"minecraft:andesite":3,"minecraft:chiseled_quartz_block":2,"minecraft:flint":63,"minecraft:tuff":1,"minecraft:mangrove_slab":1,"minecraft:gray_concrete":1,"minecraft:lapis_lazuli":30,"minecraft:dirt":63,"minecraft:bone":65,"minecraft:acacia_planks":3,"minecraft:bow":9,"minecraft:wheat_seeds":4,"minecraft:raw_gold":80,"minecraft:dark_oak_sign":13,"minecraft:glowstone_dust":6,"minecraft:cyan_candle":6,"minecraft:diamond_helmet":22,"minecraft:bamboo":234,"minecraft:oak_planks":337,"minecraft:ghast_tear":2,"minecraft:cooked_porkchop":25,"minecraft:jungle_planks":6,"minecraft:sand":7,"minecraft:cyan_bed":74,"minecraft:barrel":1,"minecraft:dark_prismarine":7,"minecraft:quartz_bricks":3,"minecraft:light_gray_concrete":6,"minecraft:diamond":62,"minecraft:spruce_boat":8,"minecraft:soul_lantern":1,"minecraft:golden_apple":23,"minecraft:bread":1514,"minecraft:netherrack":33,"minecraft:diamond_pickaxe":1,"minecraft:charcoal":65,"minecraft:coarse_dirt":24,"minecraft:crafting_table":12,"minecraft:azure_bluet":1,"minecraft:chicken":32,"minecraft:ladder":1,"minecraft:clay_ball":8,"minecraft:leather_leggings":11,"minecraft:brown_mushroom":3,"minecraft:wooden_pickaxe":2,"minecraft:shield":20,"minecraft:moss_carpet":1,"minecraft:iron_axe":7,"minecraft:flint_and_steel":3,"minecraft:item_frame":13,"minecraft:iron_shovel":1,"minecraft:cyan_carpet":78,"minecraft:beef":39,"minecraft:player_head":8,"minecraft:light_gray_wool":1,"minecraft:lectern":24,"minecraft:quartz_stairs":1,"minecraft:piston":64,"minecraft:egg":3,"minecraft:raw_iron":52,"minecraft:stripped_mangrove_wood":6,"minecraft:bowl":19,"minecraft:cake":29,"minecraft:carrot":289,"minecraft:redstone":192,"minecraft:dark_oak_planks":175,"minecraft:arrow":147,"minecraft:diamond_chestplate":1,"minecraft:pumpkin_pie":205,"minecraft:nether_bricks":142,"minecraft:hay_block":7,"minecraft:stripped_dark_oak_wood":4,"minecraft:glistering_melon_slice":286,"minecraft:gold_ingot":187,"minecraft:mutton":63,"minecraft:white_wool":29,"minecraft:tripwire_hook":26,"minecraft:leather":49,"minecraft:red_mushroom":3,"minecraft:filled_map":4,"minecraft:birch_planks":62,"minecraft:mushroom_stew":36,"minecraft:oak_log":144,"minecraft:gunpowder":8,"minecraft:cooked_mutton":67,"minecraft:apple":418,"minecraft:gray_carpet":3,"minecraft:iron_ingot":59,"minecraft:stone_pickaxe":61,"minecraft:cooked_chicken":3,"minecraft:stripped_oak_wood":13,"minecraft:glass_bottle":14,"minecraft:iron_sword":12,"minecraft:dark_oak_stairs":2,"minecraft:book":1182,"minecraft:dark_oak_slab":1,"minecraft:warped_fungus":1,"minecraft:sweet_berries":1,"minecraft:gravel":152,"minecraft:spruce_sapling":1,"minecraft:white_bed":14,"minecraft:spruce_log":47,"minecraft:spider_eye":9,"minecraft:slime_ball":9,"minecraft:stone_axe":46,"minecraft:iron_helmet":4,"minecraft:gray_wool":10,"minecraft:warped_roots":3,"minecraft:dark_oak_wood":8,"minecraft:smooth_quartz_slab":1,"minecraft:coal":395,"minecraft:ender_pearl":3},"minecraft:broken":{"minecraft:leather_leggings":1,"minecraft:stone_axe":1,"minecraft:iron_sword":1,"minecraft:stone_shovel":1,"minecraft:stone_sword":1,"minecraft:shield":3,"minecraft:iron_helmet":1},"minecraft:used":{"minecraft:moss_carpet":1,"minecraft:iron_shovel":44,"minecraft:polished_deepslate":1,"minecraft:chest":3,"minecraft:shield":175,"minecraft:iron_sword":323,"minecraft:quartz_stairs":1,"minecraft:rotten_flesh":1,"minecraft:iron_chestplate":4,"minecraft:nether_bricks":121,"minecraft:carrot":2,"minecraft:azure_bluet":1,"minecraft:obsidian":8,"minecraft:spruce_boat":3,"minecraft:lava_bucket":24,"minecraft:iron_helmet":3,"minecraft:item_frame":2,"minecraft:bow":73,"minecraft:warped_fungus":1,"minecraft:furnace":8,"minecraft:egg":1,"minecraft:dark_oak_stairs":2,"minecraft:leather_leggings":3,"minecraft:diamond_boots":1,"minecraft:stone_pickaxe":215,"minecraft:dark_oak_sign":1,"minecraft:oak_planks":103,"minecraft:wooden_pickaxe":8,"minecraft:leather_chestplate":2,"minecraft:golden_apple":4,"minecraft:dark_oak_trapdoor":1,"minecraft:sand":5,"minecraft:melon_slice":1,"minecraft:bread":70,"minecraft:cyan_bed":7,"minecraft:light_gray_concrete":2,"minecraft:cyan_carpet":16,"minecraft:gravel":29,"minecraft:soul_lantern":1,"minecraft:diamond_sword":359,"minecraft:chainmail_boots":3,"minecraft:birch_log":2,"minecraft:waxed_cut_copper_stairs":1,"minecraft:coarse_dirt":14,"minecraft:rose_bush":2,"minecraft:stone_sword":130,"minecraft:flint_and_steel":3,"minecraft:stone_shovel":132,"minecraft:spruce_planks":13,"minecraft:cooked_chicken":5,"minecraft:netherrack":5,"minecraft:torch":122,"minecraft:dirt":35,"travelersbackpack:gray_sleeping_bag":1,"minecraft:diamond_helmet":6,"minecraft:dark_oak_planks":22,"minecraft:iron_axe":150,"minecraft:iron_boots":1,"minecraft:smooth_quartz":2,"minecraft:barrel":1,"minecraft:diamond_chestplate":1,"minecraft:cooked_beef":10,"minecraft:cobbled_deepslate":137,"minecraft:beetroot_soup":1,"minecraft:iron_leggings":3,"minecraft:calcite":9,"minecraft:cooked_mutton":8,"minecraft:water_bucket":20,"minecraft:birch_planks":6,"minecraft:baked_potato":3,"minecraft:red_nether_bricks":1,"minecraft:brown_mushroom":1,"minecraft:warped_roots":1,"minecraft:crafting_table":20,"minecraft:white_bed":6,"minecraft:cake":3,"minecraft:oak_log":1,"minecraft:diamond_pickaxe":287,"minecraft:apple":1,"minecraft:iron_pickaxe":139,"minecraft:stone_axe":215,"minecraft:cobblestone":80,"minecraft:potion":2,"minecraft:porkchop":7,"minecraft:cooked_porkchop":52,"minecraft:bucket":47,"minecraft:pumpkin_pie":9,"minecraft:gray_wool":1},"minecraft:killed_by":{"minecraft:ghast":2,"minecraft:wither_skeleton":1,"minecraft:creeper":1,"minecraft:zombie":3,"minecraft:husk":41,"minecraft:skeleton":17},"minecraft:killed":{"minecraft:spider":10,"minecraft:skeleton":30,"minecraft:chicken":18,"minecraft:illusioner":2,"minecraft:pig":59,"minecraft:zombie_villager":1,"minecraft:creeper":4,"minecraft:sheep":15,"minecraft:pillager":1,"minecraft:zombie":26,"minecraft:stray":3,"minecraft:ghast":8,"minecraft:cow":16,"minecraft:blaze":20,"minecraft:vindicator":1,"minecraft:husk":65,"minecraft:wither_skeleton":9},"minecraft:mined":{"minecraft:dark_oak_planks":26,"minecraft:spruce_planks":5,"minecraft:white_bed":7,"minecraft:red_nether_bricks":3,"minecraft:brewing_stand":1,"minecraft:grass_block":6,"minecraft:coal_block":4,"minecraft:red_stained_glass_pane":1,"minecraft:spawner":7,"minecraft:dark_oak_trapdoor":1,"minecraft:iron_ore":41,"minecraft:cobbled_deepslate":5,"minecraft:fire":58,"minecraft:barrel":1,"minecraft:moss_carpet":1,"minecraft:stripped_dark_oak_wood":4,"minecraft:azure_bluet":1,"minecraft:dark_oak_stairs":2,"minecraft:light_gray_concrete":8,"minecraft:stripped_mangrove_wood":6,"minecraft:player_head":2,"minecraft:waxed_cut_copper_stairs":1,"minecraft:brown_mushroom":1,"minecraft:soul_fire":83,"minecraft:chiseled_quartz_block":2,"minecraft:clay":1,"minecraft:torch":4,"minecraft:dark_oak_wood":9,"minecraft:calcite":26,"minecraft:melon":1,"minecraft:dead_bush":1,"minecraft:cobblestone":14,"minecraft:cyan_bed":8,"minecraft:oak_planks":4,"minecraft:wall_torch":1,"minecraft:warped_nylium":3,"minecraft:dark_oak_slab":1,"minecraft:light_gray_stained_glass":6,"minecraft:birch_log":29,"minecraft:birch_trapdoor":1,"minecraft:stripped_oak_wood":13,"minecraft:warped_fungus":1,"minecraft:wither_rose":1,"minecraft:grass":44,"minecraft:oak_log":35,"minecraft:sand":5,"minecraft:dirt":19,"minecraft:smooth_quartz":5,"minecraft:tripwire_hook":1,"minecraft:netherrack":1,"minecraft:polished_deepslate_wall":1,"minecraft:oak_leaves":1,"minecraft:deepslate":125,"minecraft:dark_prismarine":1,"minecraft:deepslate_diamond_ore":13,"minecraft:nether_bricks":147,"minecraft:allium":1,"minecraft:jungle_planks":6,"minecraft:spruce_leaves":25,"minecraft:large_fern":1,"minecraft:hay_block":7,"minecraft:black_stained_glass_pane":2,"minecraft:furnace":6,"minecraft:andesite":3,"minecraft:nether_brick_fence":1,"minecraft:polished_deepslate":3,"minecraft:bookshelf":15,"minecraft:deepslate_iron_ore":4,"minecraft:lantern":1,"minecraft:stone":98,"minecraft:podzol":15,"minecraft:gray_concrete":1,"minecraft:crafting_table":10,"minecraft:warped_roots":3,"minecraft:rose_bush":2,"minecraft:lectern":1,"minecraft:tall_grass":16,"minecraft:deepslate_gold_ore":40,"minecraft:diorite":1,"minecraft:spruce_stairs":2,"minecraft:birch_planks":3,"minecraft:coarse_dirt":25,"minecraft:spruce_log":11,"minecraft:birch_leaves":6,"minecraft:mangrove_slab":1,"minecraft:coal_ore":51,"minecraft:end_rod":2,"minecraft:gravel":175,"minecraft:cyan_carpet":3,"minecraft:gray_carpet":1,"minecraft:cobweb":1,"minecraft:acacia_planks":3,"minecraft:fern":6},"minecraft:custom":{"minecraft:interact_with_crafting_table":67,"minecraft:open_barrel":27,"minecraft:eat_cake_slice":25,"minecraft:leave_game":9,"minecraft:time_since_death":103144,"minecraft:damage_resisted":413,"minecraft:sprint_one_cm":1150206,"minecraft:damage_blocked_by_shield":9735,"minecraft:drop":140,"minecraft:play_noteblock":1,"minecraft:play_time":283889,"minecraft:deaths":79,"minecraft:jump":6325,"minecraft:walk_on_water_one_cm":32650,"minecraft:interact_with_furnace":110,"minecraft:sleep_in_bed":4,"minecraft:damage_dealt":50386,"minecraft:player_kills":1,"minecraft:crouch_one_cm":60519,"minecraft:inspect_dispenser":1,"minecraft:mob_kills":293,"minecraft:damage_dealt_resisted":276,"minecraft:climb_one_cm":29407,"minecraft:walk_one_cm":555208,"minecraft:sneak_time":27858,"minecraft:walk_under_water_one_cm":12867,"minecraft:boat_one_cm":74868,"minecraft:interact_with_blast_furnace":4,"minecraft:total_world_time":283889,"minecraft:tune_noteblock":5,"minecraft:time_since_rest":95523,"minecraft:damage_taken":34903,"minecraft:damage_absorbed":160,"minecraft:swim_one_cm":68067,"minecraft:fly_one_cm":1155330,"minecraft:open_chest":76,"minecraft:fall_one_cm":202280},"minecraft:dropped":{"minecraft:brown_mushroom":1,"minecraft:birch_planks":120,"minecraft:stripped_mangrove_wood":6,"minecraft:lapis_lazuli":6,"minecraft:oak_log":32,"minecraft:glass_bottle":4,"minecraft:diamond":15,"minecraft:cooked_porkchop":27,"minecraft:dark_oak_slab":1,"minecraft:red_mushroom":1,"minecraft:item_frame":3,"minecraft:flint":14,"minecraft:dirt":5,"minecraft:gray_concrete":1,"minecraft:gold_nugget":3,"minecraft:sand":2,"minecraft:mangrove_slab":1,"minecraft:cyan_carpet":6,"minecraft:bone":15,"minecraft:gravel":123,"minecraft:stone_axe":5,"minecraft:rotten_flesh":129,"minecraft:oak_planks":148,"minecraft:nether_brick_fence":1,"minecraft:honey_bottle":1,"minecraft:leather_chestplate":1,"minecraft:gunpowder":7,"minecraft:birch_trapdoor":1,"minecraft:birch_door":1,"minecraft:leather_leggings":1,"minecraft:arrow":41,"minecraft:ghast_tear":1,"minecraft:egg":2,"minecraft:enchanted_book":1,"minecraft:bread":73,"minecraft:wheat_seeds":3,"minecraft:cobblestone":8,"minecraft:spruce_stairs":2,"minecraft:golden_apple":1,"minecraft:stick":1,"minecraft:gray_wool":1,"minecraft:brewing_stand":1,"minecraft:torch":1,"minecraft:smooth_quartz_slab":1,"minecraft:player_head":1,"minecraft:chiseled_quartz_block":2,"minecraft:dark_oak_sign":3,"minecraft:bowl":3,"minecraft:light_gray_wool":1,"minecraft:clay_ball":8,"minecraft:iron_boots":1,"minecraft:light_gray_concrete":1,"minecraft:nether_bricks":5,"minecraft:diamond_sword":1,"minecraft:shield":1,"aether:chainmail_gloves":1,"minecraft:spruce_planks":29,"minecraft:wooden_shovel":1,"minecraft:spider_eye":3,"minecraft:spruce_log":16,"minecraft:bow":1,"minecraft:stone_pickaxe":2,"minecraft:wooden_pickaxe":1,"minecraft:calcite":17,"minecraft:dark_prismarine":2}},"DataVersion":3465}