{"stats":{"minecraft:crafted":{"minecraft:smooth_stone":5,"minecraft:oak_planks":312,"minecraft:cobblestone_slab":6,"minecraft:stone_shovel":14,"minecraft:diamond_hoe":5,"minecraft:bamboo_fence":3,"minecraft:furnace":3,"minecraft:blast_furnace":1,"minecraft:stone":5,"minecraft:mushroom_stew":1,"minecraft:diamond_shovel":1,"minecraft:bone_meal":54,"minecraft:bamboo_door":3,"minecraft:suspicious_stew":20,"minecraft:flint_and_steel":1,"minecraft:bamboo_block":539,"minecraft:glass":8,"minecraft:diamond_helmet":1,"minecraft:diamond_leggings":1,"minecraft:bow":2,"minecraft:iron_axe":1,"minecraft:bamboo_fence_gate":3,"minecraft:stone_pickaxe":1,"minecraft:chest":12,"minecraft:rail":32,"minecraft:stone_hoe":1,"minecraft:minecart":1,"minecraft:bamboo_raft":3,"minecraft:wheat":171,"minecraft:oak_slab":384,"minecraft:arrow":128,"minecraft:emerald":112,"minecraft:diamond_axe":1,"minecraft:crafting_table":4,"minecraft:wooden_pickaxe":1,"minecraft:iron_helmet":1,"minecraft:iron_sword":1,"minecraft:bowl":16,"minecraft:smithing_table":1,"minecraft:fletching_table":2,"minecraft:stone_axe":4,"minecraft:bread":57,"minecraft:air":0,"minecraft:jungle_planks":52,"minecraft:bamboo_slab":6,"minecraft:jungle_door":3,"minecraft:bamboo_planks":1706,"minecraft:diamond_pickaxe":1,"minecraft:golden_apple":2,"minecraft:iron_chestplate":1,"minecraft:charcoal":51,"minecraft:shield":1,"minecraft:stick":3239,"minecraft:iron_ingot":64,"minecraft:iron_pickaxe":1,"minecraft:stone_sword":5,"minecraft:gold_ingot":64,"minecraft:torch":280,"minecraft:bamboo_trapdoor":6,"minecraft:diamond_chestplate":1},"minecraft:custom":{"minecraft:mob_kills":36,"minecraft:interact_with_crafting_table":66,"minecraft:leave_game":5,"minecraft:time_since_death":239737,"minecraft:climb_one_cm":1038,"minecraft:sprint_one_cm":924499,"minecraft:walk_one_cm":532625,"minecraft:damage_blocked_by_shield":2055,"minecraft:drop":64,"minecraft:talked_to_villager":34,"minecraft:play_time":239737,"minecraft:sneak_time":26282,"minecraft:walk_under_water_one_cm":31820,"minecraft:boat_one_cm":235911,"minecraft:jump":4918,"minecraft:walk_on_water_one_cm":32533,"minecraft:total_world_time":239737,"minecraft:interact_with_furnace":41,"minecraft:traded_with_villager":139,"minecraft:sleep_in_bed":13,"minecraft:time_since_rest":15049,"minecraft:damage_taken":514,"minecraft:damage_dealt":7170,"minecraft:swim_one_cm":106671,"minecraft:fly_one_cm":1029915,"minecraft:open_chest":333,"minecraft:crouch_one_cm":58383,"minecraft:fall_one_cm":66279},"minecraft:picked_up":{"minecraft:cocoa_beans":18,"minecraft:crafting_table":11,"minecraft:azure_bluet":13,"minecraft:smithing_table":2,"minecraft:brown_mushroom":11,"minecraft:gold_block":1,"minecraft:potion":1,"minecraft:brewing_stand":1,"minecraft:cornflower":8,"minecraft:pufferfish":1,"minecraft:cobbled_deepslate":315,"minecraft:beef":1,"minecraft:cobblestone_slab":1,"minecraft:minecart":6,"minecraft:jungle_sapling":1,"minecraft:poppy":9,"minecraft:sugar_cane":115,"minecraft:chest":3,"minecraft:diamond_hoe":5,"minecraft:egg":3,"minecraft:stick":10,"minecraft:raw_iron":66,"minecraft:stone":9,"minecraft:torch":24,"minecraft:porkchop":19,"minecraft:carrot":19,"minecraft:cauldron":16,"minecraft:stone_shovel":10,"minecraft:arrow":4,"minecraft:rotten_flesh":3,"minecraft:tropical_fish":1,"minecraft:jungle_stairs":2,"minecraft:hay_block":230,"minecraft:gold_ingot":9,"minecraft:saddle":1,"minecraft:rail":2,"minecraft:cobblestone":285,"minecraft:oxeye_daisy":8,"minecraft:andesite":15,"minecraft:golden_carrot":6,"minecraft:jungle_log":31,"minecraft:leather":8,"minecraft:potato":4,"minecraft:flint":8,"minecraft:tuff":24,"minecraft:oak_log":148,"minecraft:golden_boots":1,"minecraft:yellow_bed":12,"minecraft:gunpowder":3,"minecraft:lapis_lazuli":47,"minecraft:dirt":282,"minecraft:bone":8,"minecraft:apple":8,"minecraft:kelp":9,"minecraft:wheat_seeds":113,"minecraft:raw_gold":74,"minecraft:grindstone":1,"minecraft:iron_ingot":10,"minecraft:fletching_table":2,"minecraft:bamboo":5824,"minecraft:oak_slab":69,"minecraft:gravel":93,"minecraft:dandelion":33,"minecraft:jungle_planks":17,"minecraft:bamboo_raft":8,"minecraft:sand":54,"minecraft:grass_block":1,"minecraft:white_bed":1,"minecraft:spruce_log":14,"minecraft:diamond":25,"minecraft:granite":18,"minecraft:golden_apple":1,"minecraft:emerald":59,"minecraft:bread":18,"minecraft:oak_sapling":4,"minecraft:coal":31},"minecraft:dropped":{"minecraft:stone_hoe":1,"minecraft:brown_mushroom":13,"minecraft:wheat_seeds":24,"minecraft:lapis_lazuli":1,"minecraft:cobblestone":3,"minecraft:granite":12,"minecraft:coal":12,"minecraft:golden_apple":1,"minecraft:red_mushroom":13,"minecraft:stick":7,"minecraft:flint":6,"minecraft:gold_block":1,"minecraft:oxeye_daisy":13,"minecraft:dirt":2,"minecraft:fire_charge":2,"minecraft:iron_leggings":1,"minecraft:jungle_sapling":1,"minecraft:sand":4,"minecraft:dandelion":1,"minecraft:gravel":47,"minecraft:kelp":1,"minecraft:cobbled_deepslate":4,"minecraft:diamond_hoe":5,"minecraft:stone_shovel":10,"minecraft:tuff":22,"minecraft:rotten_flesh":3,"minecraft:flint_and_steel":1,"minecraft:filled_map":1,"minecraft:poppy":1,"minecraft:cobblestone_slab":4,"minecraft:gunpowder":3,"minecraft:iron_chestplate":1,"minecraft:andesite":15,"minecraft:oak_sapling":1,"minecraft:chest":1,"minecraft:bow":1,"minecraft:wooden_pickaxe":1},"minecraft:broken":{"minecraft:stone_sword":9,"minecraft:stone_axe":2,"minecraft:iron_sword":1,"minecraft:iron_pickaxe":2,"minecraft:stone_shovel":2},"minecraft:used":{"minecraft:stone_sword":579,"minecraft:flint_and_steel":6,"minecraft:tropical_fish":1,"minecraft:stone_shovel":395,"minecraft:poppy":3,"minecraft:chest":14,"minecraft:shield":26,"minecraft:iron_sword":128,"minecraft:bamboo_door":3,"minecraft:stone_hoe":152,"minecraft:iron_chestplate":1,"minecraft:torch":304,"minecraft:dirt":90,"minecraft:jungle_planks":4,"minecraft:diamond_helmet":1,"minecraft:tuff":2,"minecraft:glass":4,"minecraft:bamboo_raft":8,"minecraft:lava_bucket":1,"minecraft:bamboo_fence":3,"minecraft:grass_block":1,"minecraft:iron_axe":4,"minecraft:jungle_log":2,"minecraft:iron_helmet":1,"minecraft:bamboo":687,"minecraft:diamond_chestplate":1,"minecraft:bow":48,"minecraft:oak_sapling":1,"minecraft:furnace":2,"minecraft:minecart":6,"minecraft:egg":3,"minecraft:cobbled_deepslate":147,"minecraft:iron_leggings":1,"minecraft:bamboo_trapdoor":5,"minecraft:water_bucket":36,"minecraft:stone_pickaxe":57,"minecraft:wooden_pickaxe":17,"minecraft:cobblestone_slab":3,"minecraft:cauldron":12,"minecraft:fletching_table":4,"minecraft:sugar_cane":85,"minecraft:rail":24,"minecraft:oak_slab":380,"minecraft:crafting_table":16,"minecraft:mushroom_stew":1,"minecraft:white_bed":3,"minecraft:bamboo_fence_gate":3,"minecraft:diamond_pickaxe":449,"minecraft:suspicious_stew":20,"minecraft:iron_pickaxe":498,"minecraft:bread":31,"minecraft:gravel":25,"minecraft:bamboo_slab":2,"minecraft:stone_axe":307,"minecraft:cobblestone":104,"minecraft:grindstone":1,"minecraft:smithing_table":3,"minecraft:jungle_door":3,"minecraft:bucket":40,"minecraft:yellow_bed":12,"minecraft:kelp":1,"minecraft:diamond_leggings":1},"minecraft:mined":{"minecraft:tuff":24,"minecraft:white_bed":2,"minecraft:deepslate_diamond_ore":26,"minecraft:brewing_stand":1,"minecraft:granite":11,"minecraft:grass_block":238,"minecraft:jungle_planks":5,"minecraft:jungle_log":21,"minecraft:spruce_leaves":9,"minecraft:kelp":1,"minecraft:oxeye_daisy":5,"minecraft:spawner":1,"minecraft:hay_block":117,"minecraft:oak_trapdoor":2,"minecraft:furnace":1,"minecraft:carrots":6,"minecraft:cobbled_deepslate":8,"minecraft:iron_ore":28,"minecraft:fire":6,"minecraft:andesite":13,"minecraft:deepslate_lapis_ore":9,"minecraft:fletching_table":2,"minecraft:azure_bluet":11,"minecraft:potatoes":2,"minecraft:deepslate_iron_ore":39,"minecraft:cobblestone_slab":1,"minecraft:vine":3,"minecraft:rail":2,"minecraft:bamboo_sapling":9,"minecraft:bamboo":639,"minecraft:stone":251,"minecraft:smithing_table":2,"minecraft:oak_slab":29,"minecraft:brown_mushroom":4,"minecraft:glass_pane":1,"minecraft:kelp_plant":1,"minecraft:dandelion":35,"minecraft:crafting_table":13,"minecraft:cornflower":7,"minecraft:torch":11,"minecraft:jungle_stairs":2,"minecraft:calcite":1,"minecraft:poppy":6,"minecraft:chest":2,"minecraft:tall_grass":108,"minecraft:cobblestone":47,"minecraft:deepslate_gold_ore":66,"minecraft:grindstone":1,"minecraft:sugar_cane":119,"minecraft:amethyst_block":2,"minecraft:diorite":24,"minecraft:wall_torch":4,"minecraft:cauldron":16,"minecraft:wheat":19,"minecraft:spruce_log":15,"minecraft:yellow_bed":12,"minecraft:grass":547,"minecraft:oak_log":148,"minecraft:coal_ore":20,"minecraft:gravel":60,"minecraft:sand":57,"minecraft:dirt":49,"minecraft:smooth_basalt":9,"minecraft:gold_ore":8,"minecraft:oak_leaves":15,"minecraft:deepslate":379,"minecraft:fern":6},"minecraft:killed":{"minecraft:spider":2,"minecraft:skeleton":7,"minecraft:pig":4,"minecraft:iron_golem":4,"minecraft:creeper":8,"minecraft:zombie":9,"minecraft:enderman":1,"minecraft:cow":1}},"DataVersion":3465}