{"stats":{"minecraft:killed_by":{"minecraft:ghast":2,"minecraft:wither_skeleton":1,"minecraft:creeper":4,"minecraft:pillager":1,"minecraft:zombie":4,"minecraft:vex":1,"minecraft:husk":41,"minecraft:stray":1,"minecraft:iron_golem":2,"minecraft:skeleton":24},"minecraft:used":{"minecraft:moss_carpet":1,"minecraft:polished_deepslate":1,"minecraft:iron_shovel":348,"minecraft:shield":335,"minecraft:chest":11,"minecraft:iron_sword":733,"travelersbackpack:diamond":2,"minecraft:quartz_stairs":1,"minecraft:rotten_flesh":1,"minecraft:iron_chestplate":5,"minecraft:nether_bricks":121,"minecraft:carrot":2,"minecraft:obsidian":8,"minecraft:snowball":4,"minecraft:azure_bluet":1,"minecraft:spruce_boat":3,"minecraft:lava_bucket":53,"minecraft:iron_helmet":8,"minecraft:item_frame":2,"minecraft:birch_trapdoor":2,"minecraft:bow":219,"minecraft:warped_fungus":1,"minecraft:hay_block":1,"minecraft:oak_sapling":1,"minecraft:furnace":16,"minecraft:beetroot_seeds":2,"minecraft:egg":3,"minecraft:dark_oak_stairs":2,"minecraft:leather_leggings":4,"minecraft:diamond_boots":5,"aether:gravitite_ore":1,"minecraft:oak_planks":113,"minecraft:stone_pickaxe":237,"minecraft:dark_oak_sign":1,"minecraft:sugar_cane":16,"minecraft:diamond_axe":256,"minecraft:leather_chestplate":2,"minecraft:ender_pearl":1,"minecraft:wooden_pickaxe":24,"minecraft:composter":1,"minecraft:golden_apple":7,"minecraft:dark_oak_trapdoor":1,"minecraft:sand":43,"minecraft:lightning_rod":2,"minecraft:cyan_carpet":16,"minecraft:melon_slice":1,"minecraft:string":1,"minecraft:bread":255,"minecraft:cyan_bed":9,"minecraft:light_gray_concrete":2,"minecraft:gravel":138,"minecraft:soul_lantern":1,"minecraft:diamond_sword":575,"minecraft:chainmail_boots":3,"minecraft:waxed_cut_copper_stairs":1,"minecraft:birch_log":2,"minecraft:coarse_dirt":14,"minecraft:bone_meal":1,"minecraft:netherite_sword":199,"minecraft:oak_trapdoor":3,"minecraft:rose_bush":2,"minecraft:stone_sword":145,"minecraft:flint_and_steel":50,"minecraft:stone_shovel":182,"aether:cold_aercloud":12,"aether:aether_dirt":10,"minecraft:spruce_planks":24,"minecraft:polished_blackstone_wall":1,"minecraft:cooked_chicken":13,"minecraft:netherrack":8,"minecraft:dirt":98,"minecraft:torch":407,"minecraft:anvil":1,"travelersbackpack:gray_sleeping_bag":1,"minecraft:twisting_vines":1,"minecraft:diamond_helmet":10,"minecraft:dark_oak_planks":22,"minecraft:iron_axe":248,"minecraft:spruce_button":3,"minecraft:iron_boots":4,"minecraft:smooth_quartz":3,"minecraft:prismarine_slab":7,"minecraft:totem_of_undying":1,"minecraft:diamond_chestplate":5,"minecraft:barrel":1,"aether:skyroot_planks":4,"minecraft:cooked_beef":51,"minecraft:cobbled_deepslate":527,"aether:holystone":7,"minecraft:beetroot_soup":1,"minecraft:iron_leggings":7,"minecraft:calcite":9,"minecraft:cooked_mutton":41,"minecraft:water_bucket":49,"minecraft:birch_planks":13,"minecraft:red_nether_bricks":1,"minecraft:baked_potato":3,"minecraft:brown_mushroom":1,"minecraft:fletching_table":10,"minecraft:leather_boots":1,"minecraft:warped_roots":8,"minecraft:tnt":1,"minecraft:crafting_table":35,"minecraft:red_mushroom":1,"minecraft:white_bed":9,"minecraft:cake":3,"minecraft:oak_log":8,"minecraft:diamond_pickaxe":1225,"minecraft:apple":5,"minecraft:iron_pickaxe":223,"minecraft:map":1,"minecraft:stone_axe":274,"minecraft:cobblestone":188,"minecraft:potion":2,"minecraft:porkchop":7,"minecraft:cooked_porkchop":57,"minecraft:bucket":109,"minecraft:pumpkin_pie":9,"minecraft:yellow_bed":2,"minecraft:gray_wool":1},"minecraft:picked_up":{"minecraft:birch_door":1,"minecraft:iron_chestplate":36,"minecraft:wheat":166,"minecraft:chainmail_boots":23,"minecraft:nether_brick_fence":1,"minecraft:diamond_sword":4,"aether:iron_gloves":11,"minecraft:enchanted_book":1,"minecraft:brewing_stand":24,"minecraft:polished_deepslate_wall":1,"minecraft:polished_deepslate":3,"minecraft:string":114,"minecraft:dark_oak_trapdoor":22,"travelersbackpack:diamond":1,"minecraft:raw_copper":11,"aether:diamond_gloves":5,"minecraft:red_nether_bricks":4,"minecraft:iron_leggings":12,"minecraft:beetroot_soup":2,"minecraft:beetroot":249,"minecraft:diamond_leggings":2,"minecraft:deepslate_tiles":7,"minecraft:gold_nugget":14,"minecraft:cobbled_deepslate":983,"minecraft:comparator":33,"minecraft:bucket":3,"minecraft:spruce_planks":397,"minecraft:eye_armor_trim_smithing_template":3,"minecraft:rose_bush":2,"minecraft:calcite":106,"minecraft:iron_pickaxe":14,"minecraft:smooth_quartz":5,"minecraft:melon_slice":129,"minecraft:coal_block":4,"minecraft:iron_boots":11,"minecraft:furnace":22,"minecraft:golden_helmet":1,"minecraft:tipped_arrow":2,"minecraft:stick":107,"minecraft:composter":13,"minecraft:birch_trapdoor":2,"minecraft:torch":752,"minecraft:spruce_stairs":8,"minecraft:porkchop":177,"minecraft:lightning_rod":3,"minecraft:warped_door":1,"minecraft:brown_carpet":12,"minecraft:waxed_cut_copper_stairs":1,"minecraft:stone_sword":8,"minecraft:honey_bottle":21,"minecraft:rotten_flesh":483,"aether:chainmail_gloves":1,"minecraft:glowstone":2,"minecraft:end_rod":3,"securitycraft:blacklist_module":2,"aether:iron_ring":19,"minecraft:blaze_rod":13,"aether:gravitite_ore":2,"minecraft:obsidian":16,"minecraft:iron_bars":1,"minecraft:snowball":64,"minecraft:cobblestone":1336,"minecraft:birch_log":57,"minecraft:magma_block":2,"minecraft:leather_chestplate":6,"minecraft:feather":85,"minecraft:cooked_beef":144,"minecraft:water_bucket":12,"minecraft:andesite":3,"minecraft:chiseled_quartz_block":2,"minecraft:potato":4,"minecraft:flint":203,"minecraft:tuff":33,"minecraft:gray_concrete":1,"minecraft:map":3,"minecraft:lapis_lazuli":103,"minecraft:mangrove_slab":1,"minecraft:dirt":432,"minecraft:twisting_vines":2,"minecraft:leather_boots":4,"minecraft:bone":159,"minecraft:acacia_planks":3,"minecraft:bow":31,"minecraft:wheat_seeds":92,"aether:holystone":7,"minecraft:raw_gold":113,"minecraft:dark_oak_sign":13,"aether:cold_aercloud":14,"minecraft:diamond_helmet":26,"minecraft:bamboo":234,"minecraft:fletching_table":7,"minecraft:cyan_candle":6,"minecraft:glowstone_dust":69,"minecraft:moss_block":3,"minecraft:oak_planks":479,"minecraft:ghast_tear":4,"minecraft:cooked_porkchop":53,"minecraft:polished_blackstone_slab":6,"minecraft:sand":72,"minecraft:jungle_planks":6,"minecraft:stripped_spruce_log":1,"minecraft:ink_sac":1,"minecraft:cyan_bed":76,"minecraft:barrel":2,"minecraft:mossy_cobblestone":3,"minecraft:dark_prismarine":7,"minecraft:quartz_bricks":20,"minecraft:light_gray_concrete":6,"minecraft:diamond":242,"minecraft:spruce_boat":8,"minecraft:soul_lantern":1,"aether:ambrosium_shard":4,"minecraft:crossbow":3,"minecraft:bone_meal":1,"minecraft:golden_apple":23,"minecraft:white_concrete":8,"minecraft:spruce_button":1,"minecraft:emerald":30,"minecraft:bread":1965,"minecraft:rooted_dirt":1,"minecraft:oak_sapling":2,"minecraft:netherrack":38,"minecraft:diamond_pickaxe":16,"minecraft:charcoal":79,"aether:aechor_petal":2,"minecraft:coarse_dirt":25,"minecraft:crafting_table":22,"minecraft:azure_bluet":1,"minecraft:chicken":55,"minecraft:ladder":1,"minecraft:clay_ball":8,"aether:aether_dirt":10,"minecraft:leather_leggings":17,"minecraft:brown_mushroom":4,"minecraft:wooden_pickaxe":2,"minecraft:shield":42,"minecraft:moss_carpet":1,"minecraft:iron_axe":13,"minecraft:flint_and_steel":5,"minecraft:polished_blackstone_wall":1,"minecraft:item_frame":13,"minecraft:iron_shovel":6,"minecraft:cyan_carpet":78,"minecraft:blackstone":16,"minecraft:blue_orchid":2,"minecraft:netherite_sword":3,"minecraft:beef":153,"minecraft:player_head":8,"minecraft:poppy":3,"minecraft:light_gray_wool":1,"minecraft:lectern":24,"minecraft:sugar_cane":19,"minecraft:quartz_stairs":1,"minecraft:chest":2,"minecraft:egg":5,"minecraft:piston":64,"aether:iron_pendant":4,"minecraft:raw_iron":402,"minecraft:stripped_mangrove_wood":6,"minecraft:bowl":19,"minecraft:fire_charge":18,"minecraft:cake":29,"minecraft:quartz_pillar":1,"minecraft:carrot":293,"minecraft:redstone":212,"minecraft:dark_oak_planks":175,"minecraft:tnt":20,"aether:skyroot_log":1,"minecraft:arrow":463,"minecraft:diamond_chestplate":9,"minecraft:stone_shovel":3,"minecraft:beetroot_seeds":2,"minecraft:pumpkin_pie":205,"minecraft:nether_bricks":142,"minecraft:diamond_boots":7,"minecraft:hay_block":68,"minecraft:stripped_dark_oak_wood":4,"minecraft:gold_ingot":209,"minecraft:saddle":6,"minecraft:glistering_melon_slice":286,"minecraft:totem_of_undying":3,"minecraft:mutton":70,"minecraft:white_wool":33,"minecraft:prismarine_slab":7,"minecraft:tripwire_hook":26,"minecraft:leather":106,"minecraft:red_mushroom":6,"minecraft:birch_planks":271,"minecraft:filled_map":4,"minecraft:mushroom_stew":36,"minecraft:oak_log":413,"minecraft:yellow_bed":4,"minecraft:gunpowder":135,"minecraft:paper":1,"minecraft:white_banner":1,"minecraft:cooked_mutton":200,"minecraft:apple":437,"minecraft:gray_carpet":3,"minecraft:iron_ingot":86,"minecraft:stone_pickaxe":65,"minecraft:cooked_chicken":89,"minecraft:stripped_oak_wood":13,"minecraft:glass_bottle":14,"minecraft:iron_sword":20,"minecraft:dark_oak_stairs":2,"minecraft:book":1182,"minecraft:smooth_basalt":4,"minecraft:warped_fungus":1,"minecraft:dark_oak_slab":1,"minecraft:sweet_berries":1,"minecraft:gravel":1153,"minecraft:lava_bucket":8,"minecraft:spruce_sapling":1,"minecraft:white_bed":17,"minecraft:spruce_log":150,"minecraft:spider_eye":43,"minecraft:white_concrete_powder":5,"minecraft:slime_ball":9,"minecraft:stone_axe":50,"minecraft:iron_helmet":11,"minecraft:diamond_axe":3,"minecraft:gray_wool":10,"minecraft:warped_roots":13,"minecraft:dark_oak_wood":8,"minecraft:smooth_quartz_slab":1,"minecraft:coal":541,"minecraft:ender_pearl":3},"minecraft:broken":{"minecraft:iron_shovel":2,"minecraft:leather_leggings":2,"minecraft:iron_leggings":1,"minecraft:stone_axe":1,"minecraft:iron_sword":1,"minecraft:stone_shovel":1,"minecraft:stone_sword":1,"minecraft:shield":5,"minecraft:iron_helmet":2},"minecraft:custom":{"minecraft:interact_with_crafting_table":139,"minecraft:open_barrel":71,"minecraft:bell_ring":14,"minecraft:eat_cake_slice":25,"minecraft:leave_game":16,"minecraft:time_since_death":29051,"minecraft:damage_resisted":413,"minecraft:sprint_one_cm":3001684,"minecraft:damage_blocked_by_shield":20640,"minecraft:drop":332,"minecraft:play_noteblock":1,"minecraft:talked_to_villager":33,"minecraft:play_time":676952,"minecraft:deaths":104,"minecraft:jump":16502,"minecraft:interact_with_brewingstand":1,"minecraft:enchant_item":8,"minecraft:walk_on_water_one_cm":67570,"minecraft:interact_with_furnace":227,"minecraft:traded_with_villager":119,"minecraft:interact_with_loom":1,"minecraft:sleep_in_bed":11,"minecraft:damage_dealt":105664,"minecraft:player_kills":1,"minecraft:crouch_one_cm":136650,"minecraft:interact_with_smoker":10,"minecraft:inspect_dispenser":17,"minecraft:interact_with_anvil":10,"minecraft:mob_kills":599,"minecraft:damage_dealt_resisted":276,"minecraft:climb_one_cm":40865,"minecraft:walk_one_cm":1271894,"minecraft:sneak_time":56727,"minecraft:walk_under_water_one_cm":51153,"minecraft:boat_one_cm":74868,"minecraft:interact_with_lectern":2,"minecraft:interact_with_blast_furnace":5,"minecraft:total_world_time":676952,"minecraft:tune_noteblock":5,"minecraft:interact_with_grindstone":1,"minecraft:time_since_rest":29073,"minecraft:damage_absorbed":268,"minecraft:damage_taken":60824,"minecraft:trigger_trapped_chest":2,"minecraft:swim_one_cm":125731,"minecraft:fly_one_cm":3385435,"minecraft:open_chest":339,"minecraft:fall_one_cm":531202},"minecraft:killed":{"minecraft:cave_spider":6,"minecraft:spider":42,"minecraft:skeleton":71,"minecraft:chicken":28,"minecraft:illusioner":4,"aether:moa":1,"minecraft:pig":59,"minecraft:zombie_villager":1,"minecraft:iron_golem":2,"aether:sheepuff":3,"minecraft:creeper":44,"aether:phyg":1,"aether:aechor_plant":2,"minecraft:sheep":16,"aether:zephyr":2,"minecraft:pillager":39,"minecraft:zombie":72,"minecraft:ghast":17,"minecraft:stray":4,"minecraft:blaze":21,"minecraft:cow":24,"minecraft:evoker":3,"minecraft:vex":13,"aether:golden_swet":1,"minecraft:vindicator":23,"minecraft:husk":65,"minecraft:ravager":3,"minecraft:squid":1,"aether:flying_cow":3,"minecraft:wither_skeleton":10},"minecraft:mined":{"minecraft:dark_oak_planks":26,"minecraft:spruce_planks":10,"minecraft:white_bed":9,"aether:cold_aercloud":5,"minecraft:red_nether_bricks":3,"minecraft:brewing_stand":1,"minecraft:obsidian":1,"minecraft:grass_block":21,"minecraft:coal_block":4,"minecraft:composter":3,"minecraft:red_stained_glass_pane":1,"minecraft:spawner":8,"minecraft:glowstone":19,"minecraft:dark_oak_trapdoor":1,"minecraft:iron_ore":58,"minecraft:barrel":1,"minecraft:fire":85,"minecraft:cobbled_deepslate":10,"minecraft:moss_carpet":1,"minecraft:fletching_table":7,"minecraft:stripped_dark_oak_wood":4,"minecraft:azure_bluet":1,"minecraft:dark_oak_stairs":2,"minecraft:dirt_path":1,"minecraft:light_gray_concrete":8,"minecraft:stripped_mangrove_wood":6,"minecraft:player_head":2,"minecraft:waxed_cut_copper_stairs":1,"minecraft:deepslate_redstone_ore":1,"minecraft:brown_mushroom":2,"aether:holystone":7,"minecraft:polished_blackstone_wall":1,"minecraft:soul_fire":187,"minecraft:clay":1,"minecraft:chiseled_quartz_block":2,"minecraft:torch":12,"minecraft:dark_oak_wood":9,"minecraft:calcite":26,"minecraft:melon":1,"minecraft:dead_bush":1,"minecraft:cobblestone":17,"minecraft:oak_planks":5,"minecraft:sugar_cane":10,"minecraft:cyan_bed":10,"minecraft:wall_torch":2,"travelersbackpack:diamond":1,"minecraft:warped_nylium":5,"minecraft:dark_oak_slab":1,"minecraft:birch_log":44,"minecraft:light_gray_stained_glass":6,"minecraft:wheat":111,"minecraft:birch_trapdoor":1,"aether:aether_grass_block":4,"minecraft:stripped_oak_wood":13,"minecraft:warped_fungus":1,"minecraft:tnt":1,"minecraft:wither_rose":1,"minecraft:grass":218,"minecraft:oak_log":130,"minecraft:beetroots":3,"minecraft:dirt":39,"minecraft:smooth_quartz":6,"minecraft:sand":30,"minecraft:tripwire_hook":3,"aether:ambrosium_ore":3,"minecraft:netherrack":2,"minecraft:polished_deepslate_wall":1,"minecraft:oak_leaves":25,"minecraft:deepslate":397,"minecraft:dark_prismarine":1,"minecraft:tuff":23,"minecraft:mossy_cobblestone":2,"minecraft:deepslate_diamond_ore":88,"minecraft:nether_bricks":147,"minecraft:allium":1,"minecraft:jungle_planks":6,"minecraft:redstone_wire":4,"minecraft:spruce_leaves":26,"minecraft:moss_block":3,"minecraft:red_mushroom":2,"minecraft:rooted_dirt":1,"minecraft:large_fern":1,"minecraft:hay_block":41,"minecraft:black_stained_glass_pane":2,"aether:aether_dirt":6,"minecraft:furnace":9,"minecraft:andesite":3,"minecraft:stripped_spruce_log":1,"minecraft:bookshelf":15,"minecraft:nether_brick_fence":1,"minecraft:polished_deepslate":3,"aether:skyroot_log":1,"minecraft:deepslate_iron_ore":156,"minecraft:vine":3,"minecraft:lantern":1,"minecraft:stone":389,"aether:gravitite_ore":2,"minecraft:podzol":15,"minecraft:gray_concrete":1,"minecraft:crafting_table":15,"minecraft:warped_roots":8,"minecraft:rose_bush":2,"minecraft:lectern":1,"minecraft:lightning_rod":1,"minecraft:copper_ore":2,"minecraft:tall_grass":100,"minecraft:lapis_ore":4,"minecraft:deepslate_gold_ore":73,"minecraft:diorite":1,"minecraft:spruce_stairs":2,"minecraft:birch_planks":4,"minecraft:coarse_dirt":26,"minecraft:spruce_log":120,"minecraft:birch_leaves":7,"minecraft:yellow_bed":2,"minecraft:mangrove_slab":1,"minecraft:coal_ore":137,"minecraft:end_rod":2,"minecraft:cyan_carpet":3,"minecraft:gravel":489,"minecraft:gray_carpet":1,"minecraft:cobweb":1,"minecraft:acacia_planks":3,"minecraft:fern":6},"minecraft:dropped":{"minecraft:brown_mushroom":2,"minecraft:birch_planks":120,"minecraft:lapis_lazuli":6,"minecraft:stripped_mangrove_wood":6,"minecraft:oak_log":32,"minecraft:warped_roots":1,"minecraft:glass_bottle":4,"minecraft:diamond":27,"minecraft:crossbow":1,"minecraft:cooked_porkchop":51,"minecraft:dark_oak_slab":1,"minecraft:quartz_pillar":1,"minecraft:red_mushroom":3,"minecraft:item_frame":3,"minecraft:flint":14,"minecraft:dirt":50,"minecraft:gray_concrete":1,"minecraft:mutton":1,"minecraft:gold_nugget":7,"minecraft:sand":26,"minecraft:polished_blackstone_slab":6,"minecraft:white_wool":1,"minecraft:mangrove_slab":1,"minecraft:cyan_carpet":6,"minecraft:bone":20,"minecraft:gravel":308,"minecraft:stone_axe":5,"minecraft:twisting_vines":1,"minecraft:netherite_sword":1,"minecraft:rotten_flesh":155,"minecraft:oak_planks":148,"minecraft:glowstone_dust":7,"minecraft:cooked_mutton":1,"minecraft:quartz_bricks":4,"minecraft:nether_brick_fence":1,"minecraft:honey_bottle":1,"minecraft:poppy":3,"minecraft:leather_chestplate":1,"minecraft:deepslate_tiles":7,"minecraft:gunpowder":7,"minecraft:birch_trapdoor":1,"minecraft:charcoal":7,"minecraft:glowstone":14,"minecraft:chest":2,"minecraft:birch_door":1,"minecraft:leather_leggings":1,"minecraft:arrow":265,"minecraft:ghast_tear":2,"minecraft:egg":2,"minecraft:enchanted_book":1,"minecraft:iron_ingot":7,"minecraft:bread":73,"minecraft:wheat_seeds":31,"minecraft:golden_helmet":1,"securitycraft:blacklist_module":1,"minecraft:mossy_cobblestone":3,"minecraft:feather":5,"minecraft:cobblestone":64,"minecraft:spruce_stairs":2,"minecraft:golden_apple":1,"minecraft:stick":2,"minecraft:gray_wool":1,"minecraft:brewing_stand":1,"minecraft:torch":1,"minecraft:white_concrete":4,"minecraft:diamond_helmet":1,"minecraft:smooth_quartz_slab":1,"minecraft:iron_shovel":2,"minecraft:smooth_basalt":4,"minecraft:player_head":1,"minecraft:chiseled_quartz_block":2,"minecraft:dark_oak_sign":3,"minecraft:bowl":3,"minecraft:tuff":1,"minecraft:composter":4,"minecraft:chicken":1,"minecraft:light_gray_wool":1,"minecraft:clay_ball":8,"minecraft:iron_boots":1,"minecraft:warped_door":1,"minecraft:light_gray_concrete":1,"minecraft:nether_bricks":5,"minecraft:diamond_sword":3,"minecraft:potato":1,"minecraft:shield":5,"aether:chainmail_gloves":1,"minecraft:spruce_planks":29,"minecraft:diamond_pickaxe":1,"minecraft:wooden_shovel":1,"minecraft:spider_eye":10,"minecraft:diamond_boots":1,"minecraft:spruce_log":16,"minecraft:bow":6,"minecraft:stone_pickaxe":2,"minecraft:wooden_pickaxe":2,"minecraft:calcite":17,"minecraft:dark_prismarine":2},"minecraft:crafted":{"minecraft:oak_planks":708,"aether:iron_ring":2,"minecraft:cooked_chicken":19,"minecraft:lightning_rod":1,"travelersbackpack:diamond":1,"minecraft:cooked_mutton":32,"minecraft:glass":17,"minecraft:bow":3,"minecraft:diamond_helmet":1,"minecraft:diamond_leggings":1,"minecraft:iron_boots":3,"travelersbackpack:gray_sleeping_bag":1,"minecraft:chest":12,"aether:diamond_gloves":1,"minecraft:stone_hoe":1,"minecraft:wooden_shovel":1,"minecraft:arrow":688,"minecraft:emerald":45,"minecraft:cooked_porkchop":68,"minecraft:diamond_axe":1,"minecraft:crafting_table":23,"minecraft:spruce_planks":540,"travelersbackpack:standard":1,"minecraft:baked_potato":8,"minecraft:wooden_pickaxe":3,"minecraft:iron_helmet":5,"minecraft:copper_ingot":11,"minecraft:fletching_table":3,"minecraft:birch_planks":172,"minecraft:tnt":3,"minecraft:iron_chestplate":3,"minecraft:paper":3,"minecraft:diamond_pickaxe":2,"minecraft:charcoal":61,"minecraft:shield":14,"minecraft:stick":1545,"minecraft:iron_ingot":216,"minecraft:iron_pickaxe":2,"minecraft:iron_block":3,"minecraft:stone_sword":2,"minecraft:gold_ingot":56,"minecraft:stone_shovel":2,"minecraft:spruce_button":3,"minecraft:furnace":11,"minecraft:oak_trapdoor":4,"minecraft:flint_and_steel":2,"travelersbackpack:white_sleeping_bag":1,"minecraft:iron_axe":3,"minecraft:stone_pickaxe":4,"minecraft:diamond_boots":2,"minecraft:dark_oak_planks":48,"securitycraft:blacklist_module":1,"aether:iron_pendant":1,"aether:skyroot_planks":4,"minecraft:wheat":261,"minecraft:cooked_beef":54,"minecraft:diamond_sword":2,"travelersbackpack:backpack_tank":2,"minecraft:iron_sword":4,"minecraft:bucket":2,"minecraft:stone_axe":10,"minecraft:glowstone":14,"minecraft:bread":413,"minecraft:air":0,"aether:iron_gloves":1,"minecraft:golden_apple":4,"minecraft:birch_trapdoor":2,"minecraft:iron_shovel":3,"minecraft:iron_leggings":4,"minecraft:anvil":1,"minecraft:torch":548,"minecraft:diamond_chestplate":2}},"DataVersion":3465}